,JOB_TITLE,LOCATION,SALARY,COMPANY_NAME,LINK_TO_JOB
0,Software Developer,Remote,252516.0,Rasoi Software Infotech,https://in.indeed.com/rc/clk?jk=67ee6a847e7ba86c&bb=HQ4TSVJFNDeq1qwwdh-C2NBA5eEhuuCVlb8E-rJhjR9H9M6Hsow5H_CaB2OCPjVKENcLorUIqkUHAf5ZnkfBHmRT00p1pUOxMMk0UhyMmgegAftrBT9Cl7erDV428fKwE-iOzM23h_KjCPqHi54POw%3D%3D&xkcb=SoDB67M3sPkSo7z7qZ0DbzkdCdPP&fccid=f1f6ae8b73e44d29&cmp=Rasoi-Software-Infotech&ti=Software+Engineer&vjs=3
1,Flutter Developer,"Gota, Ahmedabad, Gujarat",288060.0,Devine Globe Technology,https://in.indeed.com/pagead/clk?mo=r&ad=-6NYlbfkN0CUPzQN3EvKY4viqlQ3xLK3y3DivaFTR6hTqSqQyYBTJytOeDzJuOC_FmMDsPUpI71xjRi2643qB0WeeczIi5-eWdFBSpJ2TBQTtiZCGwK7E0lg-4oyylPqrLjvYYwfkwoUemVKCNaejEUVrcrdA41W-6s6XgbbZURU9IWS--OXjg-U4ShefbwLvNxiDkN7LSGKqvpp-AfWt-0bE5isQVFoDxy_FddfSh8QI9MYBWNBRAPXGOUsO3MYEQQQ2R00qKsbqdf68VYIF_ME6BfAYvcQxkaXY-k8rowxy1WG_S2k_ZFlskh357NwuNuRmdQYjkXz1bzjAYkUyKQGbWgLtzogcZ9fsvyVaFQA1-Ikt_Cez00C2NETQQuEej0R9MVDKl1LM6qKqpjgvihH6NKsKIDcK4LKGTcfG40-B9-CmHkLZrUO1gFcSO_H2z4WUlCK0fXcTUJfuWo9vBWht8vPbqWndIoTklF_5-PzKbvMNsFIVPSkBADGVfNyT9mce0kw4OZeGeQGqw4vVD2Ycqo0rPjxNDcgK0CJcdqqFIdfztcq3pO8XcqCKb7PskuRZ1GOVzaC-rZDJhosoQBMyHFB-QF8AD2Z0-FcMvR29ugkSQOJmrH0l1BIwFwxshFK_Udnwao=&xkcb=SoDm6_M3sPkSo7z7qZ0KbzkdCdPP&camk=UoKtGZLa3XKsk4glGOsgeg==&p=1&fvj=0&vjs=3
2,Junior Software Developer,"Remote in Surat City, Surat, Gujarat",420000.0,Do Basket - Mobile App,https://in.indeed.com/rc/clk?jk=3c61e200878b9ef9&bb=HQ4TSVJFNDeq1qwwdh-C2EkKKT5ddSlfPh-VKBd6z_aW40wI4pzHSaEs7raPEu_chH6Yh_1By5v0y3bPLgWVE4lYatjdDLJplg1_uutxJGQjVITsdurV_NNSIpAHMpR5I8dBTrhsRdyylP-2lTSVCA%3D%3D&xkcb=SoB167M3sPkSo7z7qZ0CbzkdCdPP&fccid=b7583a6341c88e78&cmp=Best-Mummy-Sweets-And-Cakes&ti=Junior+Software+Engineer&vjs=3
3,Sr Software Engineer,"Remote in Pune, Maharashtra",N/A,Zendesk,https://in.indeed.com/pagead/clk?mo=r&ad=-6NYlbfkN0An6TE4nSNopf81v8h4GOnemh63Iw_8cinpVUxcVYAn6sHOf2KtlCGLc4fsMG9Z1yYdtLR4ja2YTCpT8L4qLQ_kF4mloMzy-mfQkeZCd0FmcGQDGUnf6e4kL_utnu8u2gEjnjUT51DKnxAkwLRG6FVWbEc79sURFkhAhJ9ss9mFtE5qVpl2lsHa8vs1QXdWndDELnu-Bi9aFARHbDl49vv_w5JXGMufvg9fcqQV3uMfUcULroY5L93eEhA9JX99F7kpGTkyfxIHxPPsYkI1HxDPHDoM0srJBI-GytQpT26OSZYdOCLpBAgQncRdI00KiYu9YCtQvtgNaJHMW_ctTNCTk_sMK6zkeHJqkdZTVnpA2z53i1QLIOpG3bt-2SjfR5GNUBaMfxy8yPNOjrk-wW7ERjCBmIl7Mq2UHVKMuwCaELuZ7PQ6kp0dIRV1Q_LIuwOluTbMfNejute52G4QXiZQsm5svYvyCKVkJgXFBwPPS-PhP9WCNj9VqQZ9ZXPmeQiU0V1-5n9tT6zNt14NOT0NaHSOSnZYhpHw17Mi1ZlIdyMYl0VDT0gxD-_RswVe18gQ8ZLjLWYNBmsp8Lb7lEHmf2o-kKGqk7EtD65Y88D5siHDF0QIHsYrnWjgvapF8tQKrDTt3EhRNO4v0r8-Pu3gujPgVI9fNG12LRQ0CgrC0ubN411TS1poe-LRysKjrigwAzWfGjLNQUcC3rsyJFqfkI0rPjE0wqVOVyBuLH3PJS0ydqwkcDr-Tc0aORmGUiTZbv3Y2jM7BtirGKcirSBDHwZyvQVGKM2jX4ryiQcNTXUAuuW0uWp7vcmjfLl5vsRpVMzM8Ae_ek5dtbXrJEdxd8menfp9qylF_Kx9LlkwZvJtcH47FXhRMGom13fECc5oD-VwhvYF-U3-Bsge7Aja1a7s81nxqb4Yux6hFixOelEH5HyxL9zwEeRZP8oxMI6WgKjCXvCcMl71bH6md7p1Nv_74MB4Vq3s686FXWNEdr28CpQ59OJrtv4Or2FmAKdUXmYxIrvcBe39F00tk5-62CAD8UOSgD-UfirNKhAOk0e7P4vyv7lpWaox1pL6dcq3jwzzkmUDGCIPuclbwhQHaVu1QwwP8yQaMVUSniZ49EfRhQT2iR2WmY4QLNoI7_iaXa8L64a4WXVTPL1Tos1iTprrVwYaZ4ZnHzJkzQYD4xvu_eAF0t061urjeM96BNJXMBApf_28Ogdyb5WYweG52AKmd7Im0nXc_hftECwzzltCIhXyPxnv&xkcb=SoDc6_M3sPkSo7z7qZ0MbzkdCdPP&camk=UoKtGZLa3XILVxi3wsLnQw==&p=7&fvj=0&vjs=3
4,Senior Software Engineer - Data,"Remote in Pune, Maharashtra",N/A,Zendesk,https://in.indeed.com/pagead/clk?mo=r&ad=-6NYlbfkN0An6TE4nSNopf81v8h4GOnemh63Iw_8cinpVUxcVYAn6sHOf2KtlCGLc4fsMG9Z1ybwZg9PJNJ-HJF1piI8XFX3r38xbxDHHXz8ZUpO4Et6CdvsXvMNIs4dlzTrjENNHf6Mi_-RE_DM-wlvqem2LAN6UyeFFHT8G4lyvpXt34AZjLfC173J-kB1mRsYMyI56xrvCaurpd5rTNQbCRnr6NaRdKfcVqHSlZLJbnWpO5_qlQpToBFeSPc5nInIeuhdgR2T8LefGrtfhzBGjHsV8DVRF64rapqnHwLXffa1esvNVU6SRziVqZIMBm4q0SxPV8ADarfcG8K6ZBceBkrrJ_A1-46ax5dn1WkWJInSzkluUdh1UfVp3SIWqOoUH1biG63MYCsuobLGDIUPq3PjyX89D5MDDzUUTaqQp7WJkrC9hdDkppt6WXC5T5Y7FRlpFLm3_G5zK6yoL8EMGPx_oF_aiTB5M8vqNIiWbXt_6SnUXxwKViQ1TsBbi-Wc4KOFSm8MqxSGi9aoX4dmHdqQX0ixMzf6bOCJYjtFKqTlOGwHfUJoTX9uqXQgvTaZq-M9BlC37acvhoWr2utLZcXEIC2nBSv1pjb4pt9EK3tP8yg8H3fhHUw88Fbyx87ABYTFQ6dbBRikTJC0Gvjnt8kTGNtE5vpLAf258-7ExuEY7JfsMcnBiVhrwyMM250wrrp0KwUx4bbwDLQL7o-CITHrBtvLuqQedpO9egaZfZCiIjo_343GunDDj9MeGr7G2cEjmT4rRDuunEFOOcMeu9SMKoN4Ee-9Gye4UQKJ5ypopCtTwdQubJ1h39sM9T31_zeBsUZ8dPETQEHq8ooPjAjjDdZOePYxZ7tbih3wdSre17Htu4QJ6Y19Dptct_TBYncLYxN2MCwjj088wl757lfxaapcAlEZUOYedsNllEYggRf32ElpaxpMcA206Kfi-h3OePUvQ1j6h5jHh0nviTPSm2jNAn9EIPfDFqxBdw9-xFCWm5a4moY4-gfMsxqEx18Wo3SxSxWVOLHWa6CDc0dl_I-uFDk6IzM2B8Lc_ZrUiZiRADLnkNS4JrHg-rVQtbl5wcocI19Ce_jL4hvyP4CvOR7vtaR-GwX-anvXhvIDLDEnd2zWjULGQOUPKS4O9o1-K4r422WYLths5HvJtsxg3O6LhjY8ZRQuiVUS9-0cj6BY0VCR2y1SEP4-tZwd_2u-9Gz9hQOesvUJRKbbNreF1vwD4qG0eGzjKSsNT3p1IL-KbjUAYQcG0x-F43iJ1NAmLmb_sOLDJe8sfd9ZGttw3tlY&xkcb=SoD16_M3sPkSo7z7qZ0ObzkdCdPP&camk=UoKtGZLa3XILVxi3wsLnQw==&p=5&fvj=0&vjs=3
5,Staff Software Engineer,"Hybrid work in Pune, Maharashtra",N/A,Zendesk,https://in.indeed.com/pagead/clk?mo=r&ad=-6NYlbfkN0An6TE4nSNopf81v8h4GOnemh63Iw_8cinpVUxcVYAn6sHOf2KtlCGLc4fsMG9Z1ybwZg9PJNJ-HLqp45ShZ9OHqTfD1TX7opePXxsJz9tHBVzD1Sac-iJA7IMhMxICSD4vmrMq2_8hrrjMfVDo1lyVptiLuYjN8EaqQRbRAsqmZ9DAI2t65eOBmQ3XXq2NeDo_mphZVfam-LO3BtAK5afNYUOMwNOXFdfR5KtwYxK_Q76hAOJJR8wOEKso4f4gKGKOjYVy8vQniiaBlm6RyywbDA2LwLcJMB6xCh0WppgMRrjPXBrzVHjZdDV8dd07FVg8Ueh_eZ3T2JbOlVIxdmum7NgLaOYVfFaU8p2E2mNn6Lh1ctZ6FKII7ZAbYFoTWvbTUIOnxGvXzqd4qp0BswROpCMaLqMKITv1IzwMkUehTc10yDgBcoz2_t0Dqopt4V1Mx1Yi45r1hs-IuGhEKK3meT18NUa8AyDoFfXm2zJQHFRct58lrO-lWA6YqmKhKTMaY0ncwkjsX8E73oAAG3gYgj-IPSpZHdEM8_Zw6thzC7jTMQJgjkD_tYc7BHGmQWcNYROCmPAObmgJkV2Fb6hNhd7QNgF7bdHnksFKUOkHO3jh-wuwPBsr21quMcajBTnZbBmbap8yQO82CMSbrI6xDPmAKiQuQKBEH2JBlxTaduqcyY8BqMA_IhyPbfkxPvZndpnb06AsqTrcRa9eq499C_DhsGZfvsy1KeI8oYMHhNUwF5F58BaoV8OCRj4dUKe21EMeyL97fVMXJYqKLZyRDWNBcqxT2VuUPkDFtUisqbbXkiywIeZLlJUqbcdnkmrvTkt74ayoc0_kSuUreRSwfYEf0cayA6TQFP2gVnwVHKQpgjvM2Zg_Cd7TDYojfcBg9kLFa7oj9ObwfeBcn-KPccoBBg4doppr-ZLWVIeZQ1NPXD8JuesnBs-H1T50anFr3CyXlrhepPSQnatPBfQX6_8LiySSAYby1wC3E68RonqP0r6QX7jtlgyw82EIyWsJkRcOFabNd70rff6uTC3yxz2i0cBZwp6XM1aLYb5y7mAs9Lsq0K0KD-lRcL6dSioFv_3-StotZ9GRH7f0-q6u-omJBD08FDqOI53835KqO_1zn61mg2FIJ-u-xSSIwtdBntH9dOXyRpBdzCJcUmfXC59UDzjaiqHmB77k6TUINw6nACmwFdNsSElSEYkYh19xMtX2pkmJabqJKHX1YZYmJimiKPRq8dPg7UES-Az-j-rXKLYzq4rM&xkcb=SoAm6_M3sPkSo7z7qZ0HbzkdCdPP&camk=UoKtGZLa3XILVxi3wsLnQw==&p=12&fvj=0&vjs=3
6,Senior Software Engineer (Fullstack),"Remote in Pune, Maharashtra",N/A,Zendesk,https://in.indeed.com/pagead/clk?mo=r&ad=-6NYlbfkN0An6TE4nSNopf81v8h4GOnemh63Iw_8cinpVUxcVYAn6sHOf2KtlCGLc4fsMG9Z1yZR9TTOfRgIGOuFJNPMDbH7J3KhhGz7cxFxVt_RvNUog1jV-fKtACe-umwOnlUWjlJvjUGobjoUuHXQIr0Gp2Y-Y6fvzcJBvBI9wSTbcMnO5eJqJ7u9O0-j-OvQj0vW-2sQN6XEawDuFYX-QNJARbSLrkYv_a-vIXULvPx2c9dADcs9kYhQtKD5A3jcOPPfF4La6nBqwMEhrwhHpsJT6I9R3vX8TKMb9BBWpX_SvntEAoUXUwuFltuiz4lJFkQhgGTWa2w-a7EMY2sxChfamdsL-jNQqovamMGIgtBjClO9eHPOZHFjw6QShZXa-sG8t8QDC7yKB1LUj2dMXwtOog3S8qhfxxtXeKtE6c8ZEcp4F2y5vF7DqtBtKa3vuF6IW__nLMMXO-4H-0gycPjfQVmcXUvBFKsIFemEmrBHfGN3kimHPTkox3t6AsHHp1l90aCzM7_RaT1Oyv5gX_tgcEe_Mh9WDiruaBqSNIyhlsh4AHbP4pGpbFN8J_BynDNObnye-NzvWacvN1YgwbAYL6Cr1VSj1MaOMniy7cVMZNAT3QFsJmV12r1ifxD5U3LSLgyNvm4CBlxh9y5jgwvoadsgiT0ERaqUp8VIVZMvBnsrbyh4NQ0bwnYZXayJi9komDrXiishdDvzVhmUDLkFCjZgaqnlqqFYitcbfssX1X2zYxIlJQU3zHO9y-Mci1aXm4jA65t3zvqweHfhmZulzJaaj7Edhr5Qrb9OjEiz2_52zd_TGl4UT4Rgk33WTLdNg-xV09KTGx-Of1ZxLxaOoJVy2sxs1TDj2utW1b75ZaHAS2YVV0qMgnQgvzDoen7tGhHe7a4bFm-Y4qEspmlPGmrMrTj-9WZMcVHeB7nwzCCzZt3GHKdD5miLVOiVWRipngNxWvaRLZqhHBbwgUmehSadBb66b-O_qbeycdXjlUze2fLr5dGxtEqvCd7ViIo1x8zRxAC0mRXOHvg_84msqYQBR3CUVYH3cy4-8aQr3PuzIhyTFfk8t4aV9P-4BikSA4fpM8wZhM8VVe7H-gQjaS7sXVlfzEzhc9aghBBSpNb7NNnoIjm3k-YJJAh8RmfBzxVbMO1FwKwY8ODpPIUKlnkAcrxqmHswQBJwO90qckhvKzogOSzWALjxailhgFgAhGePjfT_G92gBhgO8PVq11oPPlvihPMbTrPofcwXkkcA5JvP34SV-q1EpNqEmjat0-Xpir5z9deEJg==&xkcb=SoCS6_M3sPkSo7z7qZ0GbzkdCdPP&camk=UoKtGZLa3XILVxi3wsLnQw==&p=13&fvj=0&vjs=3
7,Sr. Software Engineer,"Remote in Pune, Maharashtra",N/A,Zendesk,https://in.indeed.com/pagead/clk?mo=r&ad=-6NYlbfkN0An6TE4nSNopf81v8h4GOnemh63Iw_8cinpVUxcVYAn6sHOf2KtlCGLc4fsMG9Z1ybwZg9PJNJ-HMibOxHl2OX--AA4C8_2_AmYde3F6AF_nFM0uqp38qUDWDIz01xXtPMFvwmBADe5IQ3D3GEW31RUiDIYa-KgKT2mnDGCOoC9uFZFUNn_g-J5aVBz6UBDJBu5pzXXCXBjRcn-JPErHLV1kHhuXZt8gk4ilub-tkddMkhebkMbZyKGYOCfvhvyqVt5Ar6Owg2KcfUPQR9YVr9N6PlZ1MRBzHT_A16VudiOQRdp-gwUOSvynMg2njylmQZu1RMbqL9f_gprM7bFFABNvGW1uO7Mryx5N0Uai7uKzM79yJJ2Lop5TDVxZStv7BJ_GX8_AE-ASpef0hOXDPrr3XYQdK-zqA-n4xZ66crL_4kTJuihEVzvcRw26FeSITM-503Ft13dQoOA88-Gs3ncU7RCbPZKXEJF5MfZDBNs2Zwc-RRLA9_3QAvDMe1w8pUnp4E_J87hGvui2PRRxa_t-Q0q3DHiWFwXUXINuL9lIl9tFHgIeVHNB0PVbAQ2Z806Z_EgjM8PZtSHk1k_cv6EciU-aGI1v0PeXr2DlXTRc1Ak10JyFVFCqNlafFWppfNOsiwSnp0EwyYk7eSQ7OO2u57tKt74iul81xIJd9e2E9owRRl1Git41QEtCuiSojLP_93VXdUxV3m-4VbfbZ2InurBVPjwjcTJGQuiw-XDaHOD1siKYx-ZauModxJ7W4zKwPT7G1UkEQw3IjXbPYr8_AE38raVWgs5IA-_NmqSk73EEyOcLWDwkZj8HM_aXHrA0zCHggwc09uPaSlUoTxOIkcSV3mJIH9CYHFr79tkLVYTq0YLsKtZUD7PB6xklaMASx4UmHbl5SFXOCZevmMZjId8e9tWQ73QRX1P7YIRChkkUfKnWacJz_pRlQsKHVbOrJmTY7sc7V7vApNcCXNzloVB9D_z3-jwJgX8aNyBtS1ghUVYhcixjjB5m4xzyrFK7MNj1Hr-T0GKlqQXWAbPcWi-BBWg3mhHvaRsi8_JSFiHihzEbrFtmffqXD6mGTBithUl0e-9n_UmLpd_mxdg88HDjUxX1ieJWvp7g7MVCuvNB7vPlz8Yt1Ix3BhrE6H7q5tVqppXcvIoOAmc95_y0g6WzzZ9bZ3H8nsoE1tvx5TdZSYOzdviUqtaA_UGlqYmA2UKjlYzw9TWPD3wBme7qdf47M1UFsTyi4JvYXxcZN3RycuEA3X5&xkcb=SoDP6_M3sPkSo7z7qZ0IbzkdCdPP&camk=UoKtGZLa3XILVxi3wsLnQw==&p=3&fvj=0&vjs=3
8,"Software Engineering Intern, University Graduate",Remote,480000.0,Ecoh,https://in.indeed.com/rc/clk?jk=5f1db8e566f18f69&bb=HQ4TSVJFNDeq1qwwdh-C2FxF9NURX9W8PsaAm8o4GYU0pr1vqAaHBywP5CqVpiJS2V0-OctJPdAzWjxGX1__sVykvW0OPR-izEvJIbwSVAYXgcqETS62hF53w0s1Kw3WSJ-oY15oAyfpgtP0JCGezA%3D%3D&xkcb=SoD767M3sPkSo7z7qZ0FbzkdCdPP&fccid=e35e9b749f873659&cmp=ECOH&ti=Software+Engineer+Intern&vjs=3
9,Software Engineer I,Remote,2700000.0,Indeed,https://in.indeed.com/pagead/clk?mo=r&ad=-6NYlbfkN0CMCQQL4xeZod6kzlvTiVGj2JaJmH6Sz1YmRnFlBx4Aqgrtf3MNQ-DPZlnTDMrETMtibMbDdJQw98SMw1277nQAPn9uk7SBRoZD1homvUIw_YIYPT6HGSSY-r3cUiYqdSHk7TmrhLjj8HZHXx4Fud80piuJ66jDDBeX356no0X0mCG-wET3wbldQEs_g2vXUDR1Dq5xqlsFTCE_ovNHX_7kH8y0ADlPYSxu6NY_Smo0hYeDqtWoEOHhFENApqUfCKcnhL9JAVFFHuUasa9vL9FbMc9bSn8jrdj-iV3dJ8KfK6V2GDhB7Dfn7QTcifoLzCXEQf6-6JrKO1lnWubxlRkBaVE2OUHfOwOrQaz-kQxSQlu8Cu8b6mdjt6W4OQ7nmC2gclZaEBzreYxfb42qmrlsrvChyIucypWGQ1alhhPHmYP0eYiTffIN__caMarbG3EaQUfDtZjr_gaNWnBSJUgZ8E_ixJxcPQwH3aEwr1LcYunYGAsPb91m9vxvAkLzwikMxcKUixUzjFeopl3l1KXV_aOv84_DXtJP2smg5vuEGgA9z5Zj_2SAHXtEFAt_6KXEkeWpT1iaj60FY5lz6F7ioRn0Nms6pknL6A2n1arU_BYEHqd8Pc-IdmzadSFOKSA=&xkcb=SoCo6_M3sPkSo7z7qZ0AbzkdCdPP&camk=f416UQcMBpDfGSQ-AQhbtQ==&p=11&fvj=0&vjs=3
10,IT Software Engineer- Finance,"Remote in Pune, Maharashtra",N/A,Zendesk,https://in.indeed.com/pagead/clk?mo=r&ad=-6NYlbfkN0An6TE4nSNopf81v8h4GOnemh63Iw_8cinpVUxcVYAn6sHOf2KtlCGLc4fsMG9Z1yZhLPZy-FY_p9HO3-gcVE5tzqm3AKAgolZC85CfwQhv9G6k3qr8669gOf_Q__kzNdPS-uL7T5deLULMTurtmk6nuQueYaNRj9gE8ahoA6QlGxKyPDeU3kHs8tQlaJFuYHyDjbyodegjfqZ1AuIzYuzDqsRFHBLRViY4kAuARpssdq5Srxk_N4MGCU9RWvQ62-E6zvFajo4t-lYGAOpZwFwCpJDA1poyTHTRKzgWQ8Mt5X841O49a2viRJRCSdMMt3BbCchebNN8Y1JfAn7sMiI-jaIpSHxwxHl2kGr4HLIabM2zUBGzmNoJdbQgDoFVPZTMIGqfSjNWsEbkO0m-Gs3WJfSvBIrJdPcwnDjakHLBPUSAiAP4lqGGzdU--SNdyxKyTGuS_NuOWNE0CYik4KQnfj9TZUcPbKrLn7F7FOkRQPtYKwH0c7D6vrFVMwe1fsriwOjjTGThp0toSlhP9HFYmwrGBulUGYoor-CBm-B-HuJwqM6I87l19NIBR_wgXpDqwVHP_VtWBdnQBEIMEn0sO-JUZY7DzpaizI5MvxuEMC4z3IVl7PKH5zk6f40sf12bqmasXlH-LYJB1YZuT6wu-Eu0N3t4nhIhKGghdLUK2dT55kNie_nnmVSIWQ1Xz_7a0gAj_dO7d_PkRZ3B9SMuV2ifkYSbM06f1H1kx5ypC79oAKoq_UBE8fr2xYbM0In9t43Lx9nxP0LW22QuOqTYWKFbxM8d7jtarm0gFCO4Y7NVhtLpHt1wh-X5WdJ8uiVXSKJaoGfXXnmnFJqPVZEdZWJGc-jIpuGSsZ502849VidRI_Hg3e4GGLrsMoNfT1aRYtt9YRo8FtbLctDrRmPRpJYb_S5OO7FmTIoWAk5sEbx1YSxWSIKynCA-oV3C5dWtB2GBuqVuxSjmXDep_fVKsRXpWQCy1-V-4p1yngzZ7NHXqpyTwfkH_f7vGHY6GRrooGTYQVdr4z7BDwu-JvCfUVkjzHX6wpZUpfm_M5GWGlZseou0bNMr3MR4Eh4wplGf_H1HbYcjDQE_0OhYy8Z6NfcKthcWBpztzqDeXi85ieYOXYSGFSO0SG4BQnrJMDfke7MIRvkRVUmjBMZl1naWYSf2sORzLOCMzbDnto3iCDXK2rJFH2NU4_ZfP86Zg0c6BAsQI06FtLFIjyKFE436M_quL_fJ9cy56dflAMDt4w==&xkcb=SoBS6_M3sPkSo7z7qZ0LbzkdCdPP&camk=UoKtGZLa3XILVxi3wsLnQw==&p=0&fvj=0&vjs=3
11,Staff Software Engineer - Typescript,"Hybrid work in Pune, Maharashtra",N/A,Zendesk,https://in.indeed.com/pagead/clk?mo=r&ad=-6NYlbfkN0An6TE4nSNopf81v8h4GOnemh63Iw_8cinpVUxcVYAn6sHOf2KtlCGLc4fsMG9Z1ybwZg9PJNJ-HDmSB57Ryk2nuQWzt57cZnmhHA5CtrTk0N1Q7HYpm7fU267ie1Q6lhmJ-iw_TGziSpEWECIaPHGMtqvqnJK3OHwAHRXaAJSYKA5ko-2wqZYWjdX_1S48bofLhk2Q9_zOWTziREyu_Xss7MsxVs6o1t7KiHbsOE1AzqmvlcWKyVwt8dv_FIsznSS2hkZHyhJPKDhVbjkZrjxHshdSKH_IN2qPv4_Rpq69RrjGDPfR0VfaC_-dSRLgOqCC8M8QACAjU0-Ytrr6TAOx6ICw-_Pp7yO6nPG469zbb7dSdQ8iC5H-uUnGN14EgzylVwu9sy8ahZMJJKoyEideZxISDKmwb-qLnLmcxTVIqtsFz_VGSrUmz6KzTPZ-xbl8aE4-UEw6Ly8sS1jiJcensqdbuL39suuifl0lqs_n9pt2t32ChCryld13uGyCXXveg7DnstpZVkhzpt8ZfodLZuq9fwWKo-iY7AH0T9sBfEO93C_dLZHgrdA3-8OJVEEfyS_kc_F0ZLMi3mECYz3kCAEv68bsBjH30QM3FJwcMyTIHGUUDqlFCJ5TjlGVYBf4TzkPK3rgMkMdkipi3WfVsTOeasra9Hk2qfCbb4gVgNA2TooaUqVlHk5iSfAg3afnGvSlCGt9zVhZKagcM9f3_WdSsc2UVIgR9Mk4FmwwlxUQnTs4KHRaZ90AsccI6gPhTKpOVWzJTpsbRWZSfO0Zd0qRGO_MgmZLuJCTdboI1cpKMnxREogkcQIff1t8FNbkg4v25TVDMQK4vqTVZFF1rLYdJiNLts1P_6i7woyBK6rorxHQhMSCloxymNXkWLakFH26Crgqd7Df3h-IV3F6h4x2t5t13SV1cstnb4IBgtTqd1a6z2nJBKHuM3awvXZ-Bt3giXocBP_i9nuHZrAcARnxl8ER5ev4kS-GHO1y56WhJukBAm3eV_0qtcOo3Mrp8jm1ya3n8iTZjBloJW9HqnuZxT_rZeosQY7WxyHsYlf5O5shKMQZVpqOBcMxrN0rwb_9JSaVX1V0ig4kWtP7kWLJn9PhXzU68AYZDQhN8GRdnWOWUFtCB-hhPJW2zr8M8bD6p8xnB1dEFfEf-2KGDPAW93mVvdeSska-cRAXRHmpcaKRBFfEikh_CpfSzYcWxw7pWc-o0WmxfxwFnpEk8cD2uHhtCMVx_mhsGlSCPOwDk8_58Gtl5bctxVb0QwfKIR_tuIeERA==&xkcb=SoAc6_M3sPkSo7z7qZ0BbzkdCdPP&camk=UoKtGZLa3XILVxi3wsLnQw==&p=10&fvj=0&vjs=3
12,Software Developer Intern,Remote,325000.0,Expicient Software Pvt Ltd,https://in.indeed.com/rc/clk?jk=238bd47fc569fa56&bb=HQ4TSVJFNDeq1qwwdh-C2OHMQm4bKniyzyENg0G1h5tT4Ip5EG25gMeKW0HjhHcmWDUhYYYnNc-PzcCjSTR5yM-cYxiwn84J-VMBXI4zQpcnXCtuVP0EGGtzzkqm29G-wshhjIhZsA-0e_kxYk5DGw%3D%3D&xkcb=SoC167M3sPkSo7z7qZ0PbzkdCdPP&fccid=7a7d1045b8119932&cmp=Expicient-Software-Pvt-Ltd&ti=Software+Engineer&vjs=3
13,Staff Software Engineer - Data,"Remote in Pune, Maharashtra",N/A,Zendesk,https://in.indeed.com/pagead/clk?mo=r&ad=-6NYlbfkN0An6TE4nSNopf81v8h4GOnemh63Iw_8cinpVUxcVYAn6sHOf2KtlCGLc4fsMG9Z1ybwZg9PJNJ-HHSRXn89IhTId2QHhUEnFUtoCREYPHR3fcPF0TevkjljkQ8eA3XiTcVmpgsSbvU4z_3kx4OvO-9S8spsFqanOBZbu9OdH9vP1DLUQgVKbCE56zm9ehQcCN7d_AZ9uybefh-M97QXo_WKG16ylxYlPhmhdSmqLXWhnba0AhkF-zA2QONHTZH4Yl_kGzwvQw4X9FnKdRWIwddglOT6n0xlai7WlLnQN144wB68IiQJn5GHykzpCQ5CjPqNgAvbbtNqPhMUJUYcWo98jp3_A_dtCwF-ZQITgd4qJ7PeW4dl4-VzZTBeu98lX-mGBEQ91gMa_aNkmAuuAVCALezuwbhAlal_wldKhX_dNFffJCoXeLXWIEuSzDdBZSYKux46rVzsZKeNCiAsGRfOficI8i3HS6WT_kyDj_WFHI44ukOGB-BBoMxGJyKcDn8pdpEI47Q88SSOz-zWK7h4LefRhl2PKoJIhYqi-TJpF7vz0wEakmB6uSYbK3Hs5uQJsU_YtpMYqz1gYyEaGGoaCwUHT_lx8ME4Vt6JJq2gpqFzfjJynlVRDbtj5mDFljSzlx9g2VCtLsGNPVbfcepNGpNcLuIX0IRsoE6-UR_0s8P-PEg7nAZXlO-I657frfHLXKy1zK0f9E7GNZoYN5hFZi8LQrrobrNaU14Ijr6ZbNKE7xmMp47KsV4kDif3nlZrV0N3A0Hl1npu6_YzSqVT823YFY_eQt73Tx2HJ24EbuNfr_9ZTfTP6Qgb-gIKlj-PicYQ9E1921cbj6dEy7Dr9WxeYreVMhXKRSGOhq2qP7jzJxdSz6fqmzuoPhZo2PKIE-WASB3wClrNuYA0uovGxd67wosPzBya_XGlN4M6mo8IGS0TcgZVb8lfAk0MLZ5Cfo35dwIy-v__59uCyJklVkY0dmRlsP9n2VJT6gw-xM8Xf4onvTKrna7_glCnQBS6mj2iXb6ZIQWZ6VWW_Pc-MZCCVfjIQlfnhb22cbsS2tSqVmB5mx0UjTmMiVFdSnoSyBYeSdr--pHVZbmvVPWfW1F7wv2QkTFAB19HZDro20h3FzwBVb5dp8Eb9eZTsEIjETU5jg5sIA-zvxDPOKj6-RORdn76LcjVDyZoIWNyzvHMx-dKtwicpgIaxjOLMb0abQSj6qlzXBJGSnRu6rRssfV6NyR52oN-_fK1lazXsvIT7J7d-ZISldVmsdlV5HqGbYwuoiN1aAWtEFa2EfhV&xkcb=SoB76_M3sPkSo7z7qZ0JbzkdCdPP&camk=UoKtGZLa3XILVxi3wsLnQw==&p=2&fvj=0&vjs=3
14,Software Engineer II,"Hybrid work in Pune, Maharashtra",N/A,Zendesk,https://in.indeed.com/pagead/clk?mo=r&ad=-6NYlbfkN0An6TE4nSNopf81v8h4GOnemh63Iw_8cinpVUxcVYAn6sHOf2KtlCGLc4fsMG9Z1ybwZg9PJNJ-HIjWJam12Lt4fBMx0XSTpy-edS5Nc6kM4w2oKEavI3MbX_XPj8hqrgequ9DK4QFBBhE85v1X522daH_rom4TjGzvipe6_ZpwOCMm-t_dSvY3YRgP1I1gBVv6t7emSG9D3H2Kv0PZR-5srFRg5V317EdmqPMIYvaR7FOMjbuJDLDcHppxD2M-aYVa7qW5XwewkeOo4g9a4MY85ZzNTF_56Z99qoRNjkxJLJELCJRCEEOrhd9DcQtRdjFWsO5kRy-BKc3GzM2qFt61O4imojznRz1M1u6foXWA_fLCGbY0REg3gJdqpdFBSXDhmYxHle_ZNhjguDYXKJVyGSXjXaPKsr1X19mfZgeK7UCwMjSDuallW1nHDquxlnODP7WDtvOmZoDPBgwitbq5bKb7MrYkUlGxeXXpOlv_xfv0wy0QjdkX5jTeKgQN3Hj07N3yVrPwBPJJ5X1leu1yI7_7uL8Kbu1t8pC_gw2lvUnC2tsVG6juZ2jTApYIsJhX8dnwmteYty04Bek3B9sztk_sZOaMpDUqPr9Y01n6PyzH-YCkUx3p6XynXCaYUY9B9CT45qPgdahCCCKh6Qb16l6KHbcb5mDwkHJLR5fnvy7__RdpOPCNm6yWyHzuhkp0Qnksyqxe342s_nsEb4lS05zcWiV2GOSHWfNZgnz_XsE7eyrIaOv_8t30XoPIi6lcENEZfggALmlMwspjm7AYdSAo_IWodZuPbttjdLOmeXXAbcts3EKbh-gLV3eFlWZAiYjyPCezw8thoAYwNf3m12ZgqCnD-IWErkBdg30l12SI9Sv6ICxrHrcBryvdeybMmciiOcNoNoSPba2H4-XxuL1XJ9sszQwXoCP0niBKYXm04ypelGGWD8VdEGgi9dLZds4MwiATxigvt4l_yuxTrQK4w6-vCmQeBX18oakDlC6Q3O-rUbEZNeCeGKDY83ScTcz4q1TNKpJ3sIUzgJJxffuRv1v0JmM-zx-hwopGWV4oqzmk4SFn8czoBnzWLt9OUCTfDjir3BAy_ku0Eu_sqAzMZ9uQExiXNOx-plz3eoaat7YwSMwcp8i7D4_wtDD-7smByli7N0YJfKrNtIYIADlU2c2qxknQbSVu3GNZznRh6RyHihRyy_rR_k6biYz-3YeWDGQGB6oY_0HlgD5LLNzgqmumLPdzWW0vzqePvzVxhhh0jeoY&xkcb=SoBo6_M3sPkSo7z7qZ0NbzkdCdPP&camk=UoKtGZLa3XILVxi3wsLnQw==&p=6&fvj=0&vjs=3
15,"Software Engineer, India","Remote in Bengaluru, Karnataka",8000000.0,Cartesia,https://in.indeed.com/rc/clk?jk=8d9a5b5ed89b1242&bb=GFKPxZ-8qGkVUeT4bTWBW7gB1fYoh46iTil6-CvlMYiXOATdtfgjsKnZMhJo9zLXCRu8VFgvSVsqxieYAnMs5qPCUJD5F-P58MJqaOyOp4_PBBTKA3l_fdE9XFxx4Y8bHx1Kd-Fp3yj8KWrwx1YxnQ%3D%3D&xkcb=SoCL67M3sPkQyLz7pZ0HbzkdCdPP&fccid=be59b08211753c2c&vjs=3
16,Senior Software Engineer (ROR + React),"Hybrid work in Pune, Maharashtra",N/A,Zendesk,https://in.indeed.com/pagead/clk?mo=r&ad=-6NYlbfkN0An6TE4nSNopf81v8h4GOnemh63Iw_8cinpVUxcVYAn6sHOf2KtlCGLc4fsMG9Z1yZhli9ENrc17AoXQkvLXNBV35gTxpe6ssDzWpek9o-Z1msuBlj342bNjliPWpL0AZ6cCYDZZLc_p6oCjbuPFVgRc1-pHBgLig2th0d6UiOADvTEHo18-Bnpj_vhg0L3LcHd9EySKV-Wl3a76HaTLAZxdsbYgen0XmRPDY6Piksb_lefM7l62B_6wH9Z6GSNNw5LNLWyWNZQC-q8qGRMNprZnbzycLpWXIJaNmJWGQZNEwxWkgzLWebG7t-LEwVeYvVM36Z9itB4-XrItyY5zzUY4-HmVnTjWNiEHQ1DzTTdTHncErJaqJvzE9s_HT9103GdEVdh6Fp-pza-cyI3tlwK8GU7pMxpSkx-fa8XzQpLwcVZ1xx3VRphl-GAAy5lDzLjF4bp7Au8P6FasmegT3aJd1mChvhgj73XGDAv8SVWMTxX3ukW9IRPx1jZMrYu_OMzDOAPYvzV4unrTIw_8zMLAaSb7rB73Rlf49RQL5pg4BR4TKZwFfvczUkHQCYhe5Z6CUsEBoRiOyyGHdkRq2R3VBfPIDcY0x-6XaDrI8M_pRBO5Pxy6OGMp3-zEMlC9TmXfqrptLpakszNJfZqUZjiuOVFtb0KW7hFJnT0wbbbQq272JPaNNAPVrwYHGKRSYjnF4de-qp2g6nSiNtxg2RXvXslYkMTXRTN1eylP8EMK2ZQa3Dqp6ckBhd9shf16ndzT41tx32quFDDOlbXz58Q6iTWUXsNm0I6N3z5X-iWfkAIXcczz-Vs5Ye90KNZFBH5rh0T1LSfPfEAgCJ0Cp1Qhf90Lykm5fFiNGK3JBfMzMxlUKexPbaoEw8zEYq-cidwtf2XpZcB5bjZfFXcxvuJfvqJQI1v-Yyx8qShK-g-RhF0JGJjIuJ-hRvRNbo2K08PgxkR240l_-01kGdAXIhesuRjPtL31KX9Y6hEmvKHtVcC_yPWo-OlicyEswE1SvneLxVbh_mDLSU142PUDjXIzSL8391x4F9j5t-RCPSiC91WVt1npUnuVtKnoNjDtZrSkRrrE78PdyLVBs3ahahloheNEGmJa0ctxXfuG3zlcKpXjQYFUTLLI3fJGPLWCgICPq85gyfNxZe-3-fDsLW1clMBG_wGVoSEWi6HY_r-IGk5EgTxQpjUdc1QusZPquNPMTGQexH2KaB2yfJeYLrT0ekKqhXvxDcrzleTP6ZUj8cdpuZ-gNCEcnRjD4TKC9uvestHpeuGyQ==&xkcb=SoCs6_M3sPkQyLz7pZ0ObzkdCdPP&camk=UoKtGZLa3XILVxi3wsLnQw==&p=1&fvj=0&vjs=3
17,Java Developer (Fresher) – Computer Science Background,Remote,270000.0,"SearchBlox Software, Inc.",https://in.indeed.com/rc/clk?jk=1266447b38896933&bb=GFKPxZ-8qGkVUeT4bTWBWyINedk9sEg4u86JkoBo3KK4Y2i_NKN23si15Te3LR44NBiSXB1wAIQbdoqLd3kpA-VrJVYaPq91rj_nap4zDD3BzAQO7AnOsQKVUVABL8DGRrT0Pp0AMIURIPbIDPA4LQ%3D%3D&xkcb=SoA_67M3sPkQyLz7pZ0GbzkdCdPP&fccid=09b510e4f39df02b&cmp=SearchBlox-Software%2C-Inc.&ti=Java+Developer&vjs=3
18,Senior Software Engineer (Agent Workspace),"Hybrid work in Pune, Maharashtra",N/A,Zendesk,https://in.indeed.com/pagead/clk?mo=r&ad=-6NYlbfkN0An6TE4nSNopf81v8h4GOnemh63Iw_8cinpVUxcVYAn6sHOf2KtlCGLc4fsMG9Z1yZfOPEwImi0UTyoGq7jeUHyQA83c6uspEJ5hqViCQbc0KSpXuJ7V6PricjFdqRowSMyGPSQI8pCu-WgHZWqadvbcpl8gAsQB4QLxvyWlQbtL1EWrJYD9exaccIkUvtedBwNHDftuJOXFzBpxEtgDNwK-GHqBMlFjySp5Bm2xLRg1BKJajyM33rcYY2pAJ014c4uFmxom-wERVUg7qo738XULjRcjI7RFEuq087QIELzvY1dabvP3EU7rmX5luVvwbtcu_wWIxCPrvZJeh7jO6duOJsHo90CU11r6iQmuq4mVMXtqkOxNSi7TGXl5vhV4f-1eoKVX-euLoMJVDfnsOk9Cowd5va9z75c7kg5GgktcjL-wWKaFP2zS1kcXp57iR7ODnIzQ9cyXH0rxo_B2GUwzasD_0vtFBvs8kqGxctV62KRjvA0LuDKukn7CLy0UP8GlD572KgKkdvKKzhCDPVlTeaaSjCFn_ky1_3DyphMiE0IsKlsoiMwj8hIdSKe8B8ZJmNXkyVih5eQujmqV2frsxOFvz-UnvqGU9ZIuoinXEEtt-Kgze0FrzY3NYbci_OxYP1VInNypPmYmGDLT_roqgGIzH7rtbDQ_hOTW1_rHl94C95xTIWVxkIyshIFeDxHobS-BimQdNpF7z6zwaAYxzXoEighXGfF2SOZW7wFV20r4A-5BdTCd6pT4ONmj0E2GSNt22xdm4-_Wrkmao8I91BrTw-0vY6GPHk1Ey4Awq1Mb2VYXhtgq63ArtJHbo2ekyUGMR3CWuID0yLi5tDKxVTIenY3pF-QUYgIGz0TCoT1Ha7AckuKwUkBvkDXiJyp5hzD4dYTx2TwGG_zu8IhIxc0037WJABaWbfJS7sq0YEC9bLuIipvbf_i8WUQIEfPTPlvJLRKwUAN3tIP9db7gjSgT1N9Qwx45ovJZWm_PKT5AM-SisxG0gQ8-T4_EnMucMAGuQZ-T0dZEQZm7i67G9TdM1lukzp742OVIZZQaAFtm7KKIqNZptbt-drTBgYKspdMR5oWkewI6wk4rAAB_niCl9G6_ALQefGMyaeI4ecYwRs8BMQfqgZO480UMec51sq5wOdnUw1W1RMW3hSvRNNauly-vN4oQ8AkT-F39EGFr6BhM90UiKJ9A7ccSJ4_tuJcPb7RYom_2AEYkrOFUhhVlLZ6iQOEkOEc88Dq-FP6ljhggr0OLkSdLFK8aSYBwIXZZFaZkDh8XN6PSwBg&xkcb=SoDx6_M3sPkQyLz7pZ0AbzkdCdPP&camk=UoKtGZLa3XILVxi3wsLnQw==&p=7&fvj=0&vjs=3
19,Senior Software Engineer,"Hybrid work in Pune, Maharashtra",N/A,Zendesk,https://in.indeed.com/pagead/clk?mo=r&ad=-6NYlbfkN0An6TE4nSNopf81v8h4GOnemh63Iw_8cinpVUxcVYAn6sHOf2KtlCGLc4fsMG9Z1ybwZg9PJNJ-HA9BcmrBUXlpwyFG3DxnQiseqOzvjUe56TN35iRhL_fNjyWb8gyAgEVgkYTtLt_kzksF-veZVjkiOznrr22nfTSzYtdeLpcE2xhHJ_vOB1JBjFtVrXCjvxabJABYFTtwFlAOJ8XQt6rZkwFhULWKGqVIqmth3MCybhYqvnNtSJceNkDuc173-RBWVmH_AR4VQg_i4UPniHIMYkmgZE1AQ8YU7BYoOvV6_1l4eal2wlUZO6jHxAylvcvMcpI6hF2p-2P6Unps7Ak-82w31wHTSTg-01YtIlsxzgFcbMSUNvpn09W8tmpcHi8cP2s9Yh7-lpzYr3Y2QmuPZtH_ll22JpxPFULttE3r30LM2XoOXrhi0B5ojzL5fuC7l0OBuTzw-NYo4csm6z_X1aLkyiXsKXp8rXZJ5wqvVdCSmjNKHmC5ej8oRxZbQnCLPPy-YSOCIcCeQKk4PM6OhWHIp5mOXOTEFfLMPGKDxWNZtEgJ_aaSKqth60A_E3JK1sgI0MNnQwlYEehyshZk4vvuRTqecwqvHSa1e7QtlJewdXKnGhNoz_GNbphiVeFzDlh92_JyyS6IpAOS5Gw0uBsEbfzLSSLUWbIfSv9q6IaMVler7JgIe42d6pGW-h5a4maurN2KBmGu_oUPDDkaDHURuAZT_ZS6AjBODf3YJHP3CGfwc1CKmOhHNVUaOSHx3z9a8BcNmaQfEYIBvpdnnkIsNKlFiJo03uFMVhZf_1O-6-KAJAeIVAQvRFtZBaMSkpz6DwM63F9bBBpQ2mQKBlhzfhroP2XdDaNKSc0MuDwJ89HFPRR_NSMgS0K_ne88Bkozc0YZG5tsCLFjrCzikZieRs1R_GNYGc6RSZxmTtF-17oRAXto9FlamdhG-3M0GNtDbqOt_qHbxS0nu85-EK0b-QsDEwFWFIevPjILhASLIQFb6jzctHkxwTmkwhGTs3wu6Ex5AjeNNV3aqiiHqBMBbeoAXVyTZqmww3ND-lIk-ygg2xk6Xucp8oqVMwjl9pCuJbMCnTpRcv4x_i4PrVuz3igx336Rs-Gr7Drxg7ayojPWPidfJxz1gUYmYJZ4stGK0dW5hYJUUVZrC1w_mdPvvazDz9AUR7eeuKCKqVdoKa32WpavEwcU_BDWUe2rJ_WILy_wOkKXsB06K-804HoVFWvulPUONsdODtHbdK8g_0mo-ho6NAkONapIot8=&xkcb=SoDY6_M3sPkQyLz7pZ0CbzkdCdPP&camk=UoKtGZLa3XILVxi3wsLnQw==&p=5&fvj=0&vjs=3
20,Software Eng (Dev) IV,"Hyderabad, Telangana",N/A,Brightstar Lottery,https://in.indeed.com/pagead/clk?mo=r&ad=-6NYlbfkN0C3FGiAGKMufg06vyvXEyGw-21Rz5inohOPof25eO8swu8_IhTEE4rsDP2R9mdu75B07DuS4ioJF2eH-WRHYwdOX8FPMvv5inSw-5F3ad8H1Z8AR24g-S6MUoA9KLCl0mpuqwogUGDQAg6uEHOGmehIBMhiT2NaC6JQSvo4wuTetT2ot0MssF7I3RHC2uTgpMgx9BKmtlqeMGENrM-hW3TDA59dL2tX_jrhpp7JrBNSbMlEhNQlDXsgCqjQsVX1fBR6n-jDRHzm7HYs9v0I0tGiu8XYnGLPDSOFEJxMuW4xRbqtHty30PBT8oHAZAUtaTyLjQEpPpzDlm7MDXCAvd9SqoyO0oJxEDRGkMLkQycJlmeaCP9huhWyg0bcfcKkRkP88LnsgUPN8cP_vdYhCJcg-cDIN5BjgrZZGeiShYJVbff_r3S9yXt21TOwHwuSaTTQk64BmnVwQ2nCWVIAqMR4-j1aDnnsqixgAhKtt-3b5fwzPOEuYRi98flE0XqLGRblfPoblKDGQJ32sUWtd6GZoezb5mh-SXRXiao6GxxWzRiDNg_ldsZUwE9q4GxW-yY-jG08n0jMKfhTwYcaAy6i-fQJ4TwOUhq8wMtb0C-4iM4Xos0VplWA4IJhPkDVx7tXfociVOPo93tlQM39H1E0HiaoJ0Ry98KBzwAQNvFbjV-759qv4qs8cjdDeMoiAujDUfZwE-I1mXoD4_UO4Giz&xkcb=SoDF6_M3sPkQyLz7pZ0bbzkdCdPP&camk=ethIe0s0hef2ibG_Qjiu8g==&p=12&fvj=0&vjs=3
21,Software Developer,"Balewadi, Pune, Maharashtra",561102.25,Rop system pvt Ltd,https://in.indeed.com/rc/clk?jk=bc18485a272a7c1f&bb=GFKPxZ-8qGkVUeT4bTWBWyHVZWh1GtRkAFNmtjtIt9nstzorAhIiDfhQoC2UBMJioqRL9TUjdid87nUCvHXj7kAKOyyewGZC6csy0bCJyimK3LFgQlaqKwLt6-3iN7HyOyqrzF6D1QKTPRILRQk-Mw%3D%3D&xkcb=SoCF67M3sPkQyLz7pZ0abzkdCdPP&fccid=40add8f8238f7179&cmp=Rop-system-pvt-Ltd&ti=Software+Engineer&vjs=3
22,Senior Software Engineer,"Hybrid work in Pune, Maharashtra",N/A,Zendesk,https://in.indeed.com/pagead/clk?mo=r&ad=-6NYlbfkN0An6TE4nSNopf81v8h4GOnemh63Iw_8cinpVUxcVYAn6sHOf2KtlCGLc4fsMG9Z1ybwZg9PJNJ-HFpml-jGxLZymWM0z7UGjZXl6iHQ__cbLaA6CDbEKORSbsf8HrcABNU4DNmZ1nEaPzo_WWuCWsZPhb5wo4NeB3DnSjZoEGIXgSGsylG2uLLUheF_QiXbyIqci4lG6bTptvQPOhr3QunBPFKynqbI8zlpkiJo_hwJ79JUg5pBo6IeuQ-9t-BdEcUPp3dOluv0RFheZ2tORsw0y1j7K05jnuUHxK5h-CvyQWCqTLFdDlKh6QZ3PfiCtxOIV2BXxEgszEORMu9CSjX1-YB1aWFcCyoEJh5y1mszkwZq6UdLzwvVN3jp2rEekXJz0x0vZQXPPHEIsoDlqNB6s0ut4c-95vXcWKAS2BoYdNcf267HL9AOuMfexka8A1cJA29YqiI_cB41AhRj3FsXqopOlNWw1a3rBK_UzaeYytjrnZOKXPQerBfW-VRPx9iuyFW3Z-ukPgL7u5a0dtJRsImXSKMX-wsEXKh4L_Enb9yzRubNW_DOQEqa0TLMLTHYW3LxahPUW-Po2wpYAwSO5MoUb8v2WOKNVTEr1-HEZpyf3Yd56QS240TJrYHrrHM9o0SLkO_Mbi8s_N-MK9p00tfj60vqJ5wOR85Q5iW9ER9n__3NcIamSoQ_skVC-2Xoc_Vb2dIBu-6AhNDLP0UQsHmOx5BKzXyG-Mos25DCEm2B2pBdmdnQG7nkCWbGRlHNwzLKEAKddnApPwZPCPWCNr8XSQW8QWr2YMGKpOhYoGRYDQdbh_AP8PJcnYVVgDRpTKiLgKD2Kf-oEUXlVPARAPrtMta66W18_kg0VIr8IwBkEU-DDNCIxZ5vptjZ9lGmNwcleC_pkGn9q9ITZTSGSNgxkX9LF20GMZrggQcDlwZ8nxgNgc0ZPGUP_yv-VZR_tq_krOvH9wZtud9igouuBLSEAyFcnOHW1oMme3v5ssl_4kGTrDkR7rVwMk0r-HmRGauv6U7fwBkKrUlOCSS0KQID5xu0Dx2klcIDmGsWhoZkzO8r2yWdfa_fspKNdH3smVBiZrRn_xqPzGPFn6sDyfuVzD96yus9IQBrYSCdkJ5KObLl2syagKIy6tBAFNfR3fC3tZ98boHJj_3M4RA1tHVK9EHdzgsZ69dRbAp8XjpmKwfU0qJinXklEWcDLYjdfpVUDbey5wTDLkl6or3bPX_vgPYBMOPt16o9IDjrNj1vQ-a7cX6Q9KErVo1NlvM=&xkcb=SoCF6_M3sPkQyLz7pZ0MbzkdCdPP&camk=UoKtGZLa3XILVxi3wsLnQw==&p=3&fvj=0&vjs=3
23,Software Development Engineer,Remote,1139469.75,Favtutor,https://in.indeed.com/rc/clk?jk=1beaf746d237baaf&bb=GFKPxZ-8qGkVUeT4bTWBWx7q880qB2Up-GnZrX1weMzMca16qjujJZpQKNM0wkO-O1Wm-kRWz2bGpU-QJAEFyH77UU93B3qMVqrZD0ADl5h4Lo-z2lpTzHDjiu-lc3-qNMBz2p9deoeihaYwZ9SdUA%3D%3D&xkcb=SoAY67M3sPkQyLz7pZ0ZbzkdCdPP&fccid=16ff43ebc1a8cf02&cmp=Favtutor&ti=Software+Engineer&vjs=3
24,Python Developer,"Remote in Kochi, Kerala",300000.0,Emerinter Infotech,https://in.indeed.com/rc/clk?jk=9df6a37fb89869b5&bb=GFKPxZ-8qGkVUeT4bTWBW_7eLrYGq3-GyoLrMF48ArXUyDNW82J3oduCd4TYU-GoW3w_xdDmK6mdIPbD-5Yk4uZlMrJHIqf-FmqWlhbK36_niYHLX5Nf_Qu3uBxpvU2HPJY69AFWBWMO8MBKXZe_Sg%3D%3D&xkcb=SoAW67M3sPkQyLz7pZ0EbzkdCdPP&fccid=6c148d6d972ed5ee&cmp=Emerinter-Infotech&ti=Python+Developer&vjs=3
25,Senior Software Engineer,"Hybrid work in Pune, Maharashtra",N/A,Zendesk,https://in.indeed.com/pagead/clk?mo=r&ad=-6NYlbfkN0An6TE4nSNopf81v8h4GOnemh63Iw_8cinpVUxcVYAn6sHOf2KtlCGLc4fsMG9Z1ya38YGnowMedPvcNGp8w64ODpi_14v3DV4WMib7w2tbUHEW0BDmbjgqkERXjQXXojb3HAuOV2uE0vvc-S1vewobM1t7ZKiHovDOX_4bMvkzUGazLLf1epEsg9Uv8PBRKNrcIMl9PJ1RHzLti5tY4MFQL70canoP6USsx16htaoWdPDY9Lf36DOCWYEwdq50kYuXl6nkbu6qGu7hWlquPQEsjsNMhOsndbN444UfyYxWm363GiTrXjNqRG_McjpE6bcQkfoja1FgzZGqNtP0qQqX4jWP3qr_oNfcIEbqVjC9PB9dv8ckKxlbKHDgdau1R4i5EQUZjW_XiNPx_0kpLkunC6M4-BIQIvoNz64vnyoBSXHrMFvWuljejbSWfIXW4u3JqdqpICRDz_ku3uXiB1S_YTmB9ftSYbILHaIVE7WhSb_zeWHI73UGmGxeREZugti00DbBo1WIa6EBB88N-6ZWDVye9sfk23bmpNivBELKm1l9DtCtbvtuda5gfTwwaTQ8syaGVq-D7q6jekA1O4vKvXTA5PgRoDK9Oo-yjBJMoWdWA5r1wCLI4whOuiXWcm7xbEI3whMulmHmvEHrVm2hPnYrhFZj4I7Y10i8Fa6qTYBBI7ArXGrcvisqTPVPpYfTTu7AjY4S53Ez8hDrGUwiXAErORitdSwh7OfKfNj8EjBBL_2VNfwTY67wS6LATKhPWZQ96xTOAZQ_G-Ambqc5ASNVOg88nb8es0UU0ZXt9EGTUeW8W_FJnAOKG7b3KmO-FoK-gJMsFtVzo_wvF6fOHTTddktpsfM9l_5eM22oZIOZz20_-guHjkE4OdtTcdeGMcu0pBFzx5kg0dALkgD-LrEB5_ev1IPDMVElmoQ2ENXvZ6Xm5BYIsT-fmwfA7irizASkWLJ5Ivt9WOTjrkK8WduRPmxMlZsbSHkpcFtszALFnBsKoirdMP6rDE-RUnNOjeB6omc7zryPixcGWj_-jKDvOjeR6DxZ760p4SW8Gd9vRr5otK-9k6leRHRa4YtcNYxTKwAh3wMEZhvPvux_A5M8V6-9d4ufnb3f199EMY6EyHYn62qRofq3FtRUJ89UlVTQtZliBvNds8EyxCbrJBdN00Z7q0GX9aWYAE2ywQuOw-CgjQ4L_2bJh27j3Ii_iz82ZKKQwPiA5NvsdGw56QTZmAUXucOyemvjEeqdd-UnhQ_B-AhSDMbpM4lZj1c=&xkcb=SoAY6_M3sPkQyLz7pZ0PbzkdCdPP&camk=UoKtGZLa3XILVxi3wsLnQw==&p=0&fvj=0&vjs=3
26,Software Developer - Intern,Remote,180000.0,I Design My Life,https://in.indeed.com/rc/clk?jk=bdf44d01b0c600f1&bb=GFKPxZ-8qGkVUeT4bTWBW5P5zjpW26XTdxfVVRoAzL2pdCXU4JeySp3LhlZrBVM3zLkGtZeF6RDi62t8W8Uv112g54ydrDhC9bNPtUsBhs48ho5cWKYU4jUomSiFeRGsA43mN34bLjclHUJmHOfFKA%3D%3D&xkcb=SoCi67M3sPkQyLz7pZ0FbzkdCdPP&fccid=705e0b031e25fb93&cmp=I-Design-My-Life&ti=Software+Engineer&vjs=3
27,Senior Software Engineer (Product Security),"Remote in Pune, Maharashtra",N/A,Zendesk,https://in.indeed.com/pagead/clk?mo=r&ad=-6NYlbfkN0An6TE4nSNopf81v8h4GOnemh63Iw_8cinpVUxcVYAn6sHOf2KtlCGLc4fsMG9Z1ybwZg9PJNJ-HIyuW17Fb3BcFqKavjCSiLvmn_zplFob6A8q4ipYcqm40Rl2CVCvmRwowBXw6z14Bzdz4dAe7Z1cBmuC0jivfqxGxPUY8vqt6Phi0dnXUa-foUIjGUVD7UwJJnhaMUwLXpBMl_Tj_lzTE1todF1rlWptWSpSK8XK6s7PDkw8s-v8NignAHAOFi30HT_saDfkX2rwYyE6Yo4rq0WOgDZ_GcqtSINhXZGhycbJSIUi1WfIz9LB589Y-tiGplL4Ua_yPlc0xU82JlxQO0_um3Cs3ZJICyQOog9BvLfh05u8PTbnfScCCshD2JI-Zfxnm3XY1OXfQb6jncSsdSequAUElg_e84P5R-8hBYqvFM9nI03HruNDmSdPoRPV8DqnC2hlMI_s-TIi9yhyIm9PS0X14SnuqNph1jEvKeiXWc83QyiVwIBKlyogpU50eQsl_iJEZGUprorbNJDk8aXsTIZ5QfjqCRxcDUBM1ljwtwaI9H1S6O-6aNCHwa__nffcl2KQ6a-Z4U2ZbhBZmjMNL4cpguz-_aki7cK7k5-stmwBfy0mNHHjuAuFQ_F9ln_Kopry3lZEQ95b2QAhErbeezx8l0ytWm3AWxfzjOiza4UdxhA4A4P1pDhEVWb7gLN3vowbcU-W9Jh3MqAEETK_5-AUgmU17hKyeYGLfomFEyt_tGjNmgZrm97iQ5Vq4CqYB6blz1hrJ3lBlyyBzLx6NcXM4gr5hWCD21YsB0nCo0bv3wlmTeddh9E6PjyRY4R0IUdH2LqyuGg_17jHRF0LmofYPF03ZqrObNZBCrxH4jmzSLX1oii3vq5TH0oXMF3aLNpK1joah1Wme4z64l1mhks-owkxl6Arg63jTypIz4OatJm93_1KnQKa-nG-L5z4EDycD6ZDeATDxmDyOdjreegmHdgDGl56tzoP7zZ4I1_FFXjKgFPN3fMvKS_V-pjSHinMKDFCIPENrZLWcf0_M5X70-S-j4IL7C3yaC8C4DP_Yp40boaNIk5VybJZz_QusxzDRRI622-91zGn3yaYLCk85Mby9nxx7eD4hFxt2d_2aT4tvhZ-Gdo9OwFEwUxpJkpulLHGgGHHV58yFEbXOKurYqKlYdP5OUStVaCv-3zlHFLZJ57c31APLsihejEBvzr8r_OChrnX7LEaebUIosWJ1ncNAU741VuuGVBJvzU9KJpPJf620CgpCXMwondXfL_-vnt4MxzDXr4B&xkcb=SoBs6_M3sPkQyLz7pZ0DbzkdCdPP&camk=UoKtGZLa3XILVxi3wsLnQw==&p=4&fvj=0&vjs=3
28,Sr Staff Software Engineer,"Remote in Pune, Maharashtra",N/A,Zendesk,https://in.indeed.com/pagead/clk?mo=r&ad=-6NYlbfkN0An6TE4nSNopf81v8h4GOnemh63Iw_8cinpVUxcVYAn6sHOf2KtlCGLc4fsMG9Z1yYdtLR4ja2YTI36yqegpntm9o2RhjpA64rDsBBJTr2TPDuU2p4XpiZ0UkAdiT1JNeoS_S5fFVfOXC26euxm77An3WPprxUXUeAoN-lifq5T2eSogrk6ixhxqlqLB4Z3RGm2nbiAJuqY5smy6v7vH5lD3IvincrGknr5R_wsUrACUIl_ZLY2XXVcGbroYP66olT1U7hWeaS3UkxGozIcX8LfgJjdEB6ZjMTbZ-kW_XKxSyp091GK_a8kAFqodYKy7u29FAMZeNNWFTUKr3os47YsFBolIfaUwc8XvXr6mGywUzdFJbSNKEaYPgV_NkkhFQUDcnTfzb7FrCMqw43HaZ_LPm42cuhsA_apdX2ugscyhcYBRQqaX_2x2eueisgvb4JbOXYI3k66TelpxQJoLowIRTIpBREO1g4-u8Do9ZbunQgLfyodK46M6CyEOjiAY7fHWR6GCe8qOlsdUhZ70aCePpnTKk-MSF6MQMyAr5GuHjeaLPOuFM0M-uH1kMuYziBYkoZl-a70AEGUWUwkt2l8ZaxdA5FCe0B_aOHpXujOWoEiLfI1Bq0O7Z_-aWyXAwDcQzlLV6fMScZeWOyfiLC1Ks7F2u4IIae1Y9IkhZYFmZXMd89EdEDQ2AU7wt7ciPqT6L-s388wzDBB096uBp5KNULlH5IGcwGXmt6pbs06zmdcKAmu6uHAqvyQw155h-u8YPQwkhOkHe5wfWlS2tI8Kawkni6JaITUOKPyZxeeXXnxKwn2nIaJ4pCYlJKmAfpp6q0qsCMDTvf1hlePoc9gdXC8ZHvJTYmQmJHKd-6sVxNuZUrwZ8xVee8ok0sykx5GIx6GmOO1gld9BchLGVxBsHj0ntOmEmYDPiZ2hOR9-CtswVtaB5bw3p8IDNKaL9NtHyoxqA7v3w463kVIjMC-H5Xuwp2EfF5kdPvaLPieDCpcEFhdrvplYfdsSJT6T5LJln3vCPHvONy5CU08WfjRa4diHnSNv8QAxvGjg9mO3czrIFw0yyGxs56fhzZ-nNSIf5VTgbOp2CogUYIdzEdPprmy8Hq7u2dnANdpdL1WKxS4pIO0JvPGi6mo6Ek-HFH6Wp2bTJ9gMaP6hzU5GxSMD0fOmdFJzjrLYsqeYVoi0kgaMeJwfJyrPkuqmx12MJsp1eOqFT7jQ4gvgZv8UuYqDWfEegZwqp-TWvO68zxi5cuEwmiuP_oqqzoaYKC9M5U=&xkcb=SoAx6_M3sPkQyLz7pZ0NbzkdCdPP&camk=UoKtGZLa3XILVxi3wsLnQw==&p=2&fvj=0&vjs=3
29,Trainee Software Engineer,Remote,390000.0,Do Basket - Mobile App,https://in.indeed.com/rc/clk?jk=5c53eefc5286e0cc&bb=GFKPxZ-8qGkVUeT4bTWBW8L47luRjxzLT6z9o3k8zmPar2j4GECdGaFffSkFB2XT5OJGtV1m_7uyiq6-hT1Ufq6LgnsgV4eJu5FhePK_IMKAbhgG3CdA3Ra0UnpV4FkqzDRAyqGXszHax-kKm_cOFg%3D%3D&xkcb=SoCx67M3sPkQyLz7pZ0BbzkdCdPP&fccid=b7583a6341c88e78&cmp=Best-Mummy-Sweets-And-Cakes&ti=Trainee+Engineer&vjs=3
30,Software Engineer,Remote,390000.0,29kreativ,https://in.indeed.com/rc/clk?jk=7f45e4deec599a91&bb=smIK-G-dHXPgrAh_h7Rwp_GMX1_RFRHgydI3o4-vr87_cER6womQHlSmSu7kJf8XVSMMc0EKxWGSpY7ha2WP1-27Zl0hwtvk_ocvfrsv1DRr8RTxwmzc61xW61bEyZpGEKB6Y66dD53m6ksnYjgwTw%3D%3D&xkcb=SoC067M3sPkvTvz4IB0DbzkdCdPP&fccid=6f16085ee6f5ebfa&cmp=29kreativ&ti=Software+Engineer&vjs=3
31,Senior Software Engineer,"Hybrid work in Pune, Maharashtra",N/A,Zendesk,https://in.indeed.com/pagead/clk?mo=r&ad=-6NYlbfkN0An6TE4nSNopf81v8h4GOnemh63Iw_8cinpVUxcVYAn6sHOf2KtlCGLc4fsMG9Z1ybwZg9PJNJ-HKc1d8LK5-MSykuaA0Xm-6ZVeYaRnuC-xEEBETJrCGB4lTq_nVwXGBlU2b-BYzsViu1--9uKuRdTsTesDcw3ZlncC9mwjJLcsS0_EVM3LkocY3Z7TuE0R83yHD0PZ3p8Rpb5_POoycvpsJVrdU9OZJ4tlmFDF3eBCqzuKHBZgIlVVtDbIIc9rdZtQzrPzfrlmRe65AaymnkUZkwwJJBlpiiuLfBRLaG232v3UPw4gln5XLJ6gChZU88pS-oJmlOOI1ksD9V-5c6Ue6rqxjo4FcETBlQo3_OXadCSVVl9L_QvsZfu-RasGq0UdlylRH4MCHuXnx7Mwd7KpcYJBInv_E8sno0IGPQARDSlknUcFf-LHbROMGCHjiQ3fchgYnoQ5AfegajTgJ6e9CmF9J_lfJjSCJIm-NF2MlfWzPGyWagez5x8pwrKtXFiQGvF9BmLfDhWMBKQQc5iRePENacn79Zt9dLiuswO1R8HebIbX4Jg-Vg9pOiqUu5ql4596pf7fdSDrSvC1o1MWdGbvL2NnqsZUfW9NU4K59BO2LGlhaoKyteCkk6DpPxVQWnVmgZvS8NhdkyD6CT1cxhUYpdompY9FUw0VARXOosAKtUiuAQXhqUOAWQMP07rLTzY6R86TMDFHOEHPNgP_11SAMI_ThBCJpUQQJsPpAOUoLkcJDDWLkHmfwxaYDhxM9ErDCxSqTLrUzD1k8LIZWEdvx4kwNyzsxN0jXS_p9S_8RND3zMu-CvZAWdNiPAgA4ZrGE919cVqQbMnsD3exoclFYDL1VAJHP-pdqM-65RDfPwnz7Qv063-Amc_2FAHQDECwR1S_yxYvysTqhC-_MmdGhMPKCN7qZmMmUdG_1ba1PBiVxSVqrXkXK4_9YV9l6CMa-YaPiglrINJk5t-H3OHMAmblMjDJDjzYQ9jhhcmVieiuhxBJCCOtPzj-DlzOSEJKMXIw7AxjdqtOhHCOK1QKKanOApTw_zQWJ1PtjZ3B9GT4VuTLWFy02Idja1SMuPdUaTovnxzyLhE-0e-dMe6gv_OqFqGfWlrYg9ZiN6K7IVqwSAtQE0ozt-ST6idvNOfVdn7QSE2jKlkbpK4W6caP1yeveQVLNokgQi_UtgMM6b3HsPugnH6U7w-fIl3M3S1dOWu2PS7HnRLcIoP9UspQFRVNwsOe6CPeMaLFFOPmr5Ew8GS&xkcb=SoCT6_M3sPkvTvz4IB0KbzkdCdPP&camk=UoKtGZLa3XILVxi3wsLnQw==&p=1&fvj=0&vjs=3
32,Software Developer,Remote,210000.0,Rasayu,https://in.indeed.com/rc/clk?jk=70eb5bdaa4435c9a&bb=smIK-G-dHXPgrAh_h7RwpyXTXf9--mh51MyqdUx_P0BL8AuPI65YfthQjlXwlSUZlhjYFuIaiuHj95rM2vCVLiLUxGk7hPo9x6wl6ygxgtlPSpO_X3a7qzkEbojvk8FdFSvE92pe2ahsn_vLyFprsA%3D%3D&xkcb=SoAA67M3sPkvTvz4IB0CbzkdCdPP&fccid=7bab8ac2fa0ac409&cmp=Rasayu-Ayurved-Clinics&ti=Software+Engineer&vjs=3
33,Front End Developer,Remote,395592.0,ArtWorksIT,https://in.indeed.com/rc/clk?jk=edc14937476ffcaf&bb=smIK-G-dHXPgrAh_h7RwpwVyBP11kr7tvurkaqxT8GxgZhaHmVQMFXEk0Sqa8OpiF77E5GlZwbdDSZDwJUGHY1gFwNzR-IUKZH2v7WA2xjj2ZyVi0TJsk6lUXsUiG7I8tXRHd13dWsEIEYPnKc8Aww%3D%3D&xkcb=SoBd67M3sPkvTvz4IB0MbzkdCdPP&fccid=651b4dccfa2f4a76&cmp=ArtWorksIT&ti=Front+End+Developer&vjs=3
34,"Principal, Software Engineering, ITC",Karnataka,N/A,NIKE,https://in.indeed.com/pagead/clk?mo=r&ad=-6NYlbfkN0CLAFIAocNJ4Wfrhm82ciahvtobYpoaf72Vrs-CtZeLT-trEu8EEwIc6NSOQ8Op6QKV8M1GZWpnlzVwAlIs0dR3Pn7XjaOU5Lu9WaYbY7aK-iCY31KU587V9bzh2XEJMS6Wb8XMo9P1QM_9wsMV93tAaYUVJx_lVIqr8SGXU_zPuyb-RmmwIH0cG-XgSA46utTh3ZOYHHPcY-rMIk3ELRJW52b0uVBoeXdMEjT7lP0QMFRo3ZFqCgxQ_lmd8iYDLSXYn0M8gg_pk7npUbBaVYyNyUeHeJ84Q4F0yhNIA7BTudJwzmNs-1er_K0CI6jddxeuRnxIN6Le6zQHPfmqFKdTPwgB79Jzuulpafdnx3FmVhYWEt9V6awIJnYv44ws4IR7ZeMFTw_9wAKcPKjR9pOh26OQ82pphsYS0MUk--4l9fsBcV_oJjABZy9fWt-ZTsqHjomUKZQNsSwOjKzE2QRdN4llPoQHqLv7vDdHlzfi27fdzmjO5EO55GGXhESt8D9jkdz67AorQUrXU6g8eZPIeMx61aN7hI0AzlSHmzIZeeyjbB1dxG4_H--uzKXMZ8n4nJB7UNBJGWQLVSbfeaExYKpWpgvDicvyXrOL4JVeNnD5Vhmc1iLBrM0JqnSj9C7kxWldJdhgg6Vk_J2DLCxRgkZIYCaWxJW5w33aJPsH4g==&xkcb=SoCA6_M3sPkvTvz4IB0ObzkdCdPP&camk=UoKtGZLa3XIgFQ6tX0JIkQ==&p=5&fvj=0&vjs=3
35,Full Stack Developer,Remote,4000000.0,The Leadership Thread,https://in.indeed.com/rc/clk?jk=cf6e6cbce32d2962&bb=smIK-G-dHXPgrAh_h7Rwp88izdaG7s5GZEeZqZJe_lvIoU3zrogh0qeqncV9ZSgMq28z78cjcA83jO2Wufz1201jbN1Z64H6J2VsG34Sk_BSYx-e68kJI1nkZjTySR6rgms_KtA5McCEN2fecDE67w%3D%3D&xkcb=SoCn67M3sPkvTvz4IB0HbzkdCdPP&fccid=46370994eb249fe3&cmp=The-Leadership-Thread&ti=Full+Stack+Developer&vjs=3
36,Software developer fresher,"Hyderabad, Telangana",456152.0,A and A Corporation,https://in.indeed.com/rc/clk?jk=b72777f7b6ada54a&bb=smIK-G-dHXPgrAh_h7Rwpw_crkUJqa-rncU_4lelJSEAOS82sERRNGgIMa1Z8VAC4DmppsvuQTvXtGuc8CNi1F2yt40PwRWOpsk2yq7xtYIp4DUS1Gr4TZkDybIYPqy7GRlkZNGH2VTRX1VvMF5aVQ%3D%3D&xkcb=SoAT67M3sPkvTvz4IB0GbzkdCdPP&fccid=aede74699abfcb8f&cmp=A-and-A-Corporation&ti=Software+Engineer&vjs=3
37,"Software Engineer III - Cloud Governance , ITC",Karnataka,N/A,NIKE,https://in.indeed.com/pagead/clk?mo=r&ad=-6NYlbfkN0CLAFIAocNJ4Wfrhm82ciahvtobYpoaf72Vrs-CtZeLT-trEu8EEwIc6NSOQ8Op6QLjGcKO64sKTJem_WgQJoPJUqv5x9guSXLBjA_VamTg7PfCVb-QOmrljMiP9SyNWb4UDDb9KF32ta7ab6oCa5lWhV6ZMpM3w1LM7WXhHxLuE7Uc5nA80sJ_1G_6movISBgKa9T0S9DHUzIprvuygO0IpPwV3rz98tD49hnX3Uv8vA_wVzT5LdA0_QLU4NOnq2L8dWjhkeZxioAQjkSZlkBI0q7aEShD_Ox8-GTUGZ6BkdQe8q3FQFFd6LqUeSLSl8P1nlYo25TDON4voLZqUlhApsW5PoTcquHW14Q-XIdmQGWEpD417sUmXcu79MwxSSj9Qm6VyggrDni5IU-mIi-OYGWgR-z5G7QcruVFd3jjHTAfFu734G05SKfet_y7RCOOF-VTWx8NcMNSzLVnJxUoKW7kEh8KBGPhfywlPmL1lUZ5ZImy46BRkH93v1j4kWbAei0Y5cW5FdsE22bnbYro65wMABdpk0fZ18Gkb9fszTOZEYf3jYwO-OVTezA_GXgQoeG1dCMkz-aRgQ3Xfot_z9Puc8GWUhXT2DVk7uqc9wX18dj7wZrM9r1sXgDADwFHjj6Ej1ryOXzdYnChd62nmX4T8c-57OxTuOvvLnbskw==&xkcb=SoC66_M3sPkvTvz4IB0IbzkdCdPP&camk=UoKtGZLa3XIgFQ6tX0JIkQ==&p=3&fvj=0&vjs=3
38,Backend Developer,Remote,N/A,IRIS Business Services Ltd,https://in.indeed.com/rc/clk?jk=6c4a0545812e8b60&bb=smIK-G-dHXPgrAh_h7Rwp3n26k-IeLr8HVrmu0Me6yDuOsoEbGFB4SvPj7z6Vm41xd9hjS_DCOn-MX5OOCEu1XJWIVFqoUZCRbriOFM3RFq_cJJ7ifZIm9kiJiTEnkJg7Jdq0RMFx6wRVbPMsPhWKA%3D%3D&xkcb=SoCO67M3sPkvTvz4IB0FbzkdCdPP&fccid=8aeab46ab76a9246&vjs=3
39,Full Stack Developer (Angular / .NET Core / Azure / E-commerce / AI) – India,Remote,2009064.0,ShipHaven,https://in.indeed.com/pagead/clk?mo=r&ad=-6NYlbfkN0A9ZMlE54CS89MpZGga36W2B6miH5HrZ2YP2Lg_AwBoZO7v-ZDorFEa0ENV0ztya7krEDQXi9DOSAdJx9mDy_1iyJvrjyVnDwHmKmOlj0HlaXzEDPhFNg8OPGNYwJuj2uGlEEtMmuEb95gJnAVSvvFUc4yDN35Y1zxFHdtiG5KrlkPQEYf_Xn1PD9cHPwzzKVFhudTLWBa8ehTarP8ID0uThTAYvX8RoQuWJdgovQ7wRandouuJwi-DGrhy4DDhiXmqvgFRmFHJCqO5kyNjTbYXzwuDPQjIuKPjzJx4r7pHUQs4fv-ktW39kx3u3_MtWpl9qnc6PKcg_dcM5v1TjO3-R5jwPS_DmVP8ZkBzSLrLgpTgTZBWYMNVJ9P5jrf2dQuHsV6rXsPCvLOObQOprMbv4SCVQtwq7Yn2tVSxlsbtX_wcGQFCKIGNwXaqMuqTFDfne_LM-7rqZZ267P65QK9jI3km6BxWmB8WXkKascO_TgSM-nb3XTdDARLpVinimkCOpElQ3IsOIMysUihJRchZfyOny3Er1e2-qZ4LCz5dxa2Na1nonj87bX4pC-OG39qJ2OF0QNXWKLOGoVDd85EpE-xxwksAhsYtKBCANvNKBipEporrARtv-_TBSaw3ih3rYUBwKymBjeqI2nNmEWZ6znq4UpEzGlqaskrv3ya12CyI4qRs6wIKKpG2umPE2iXpBzs9emm8EyyWQenyPAAAps9ERY0hV3mUPgQrqilHvA==&xkcb=SoDd6_M3sPkvTvz4IB0AbzkdCdPP&camk=ethIe0s0heeuCL_1_Zc2NQ==&p=11&fvj=0&vjs=3
40,Web UI Developer (Angular) - Assistant Vice President,"Chennai, Tamil Nadu",N/A,Citi,https://in.indeed.com/pagead/clk?mo=r&ad=-6NYlbfkN0B7UYL49yWBrrOlEWIsfJu1HwdoffaEv3MPqVgUrdyA2rAcZfAYGUZxFZIkqiRdA20D8gRz906RTdo-StKxGMmXzJn_yCCplf9a1MibtwlW76eOIMbRQG8Qxsc7RWbTdJVTK-WSF9PQGX0LUZNPrYO--lMtMAUjrFYRaNEPKZPRmeDACbeJmZAaYZG15RZEM1nUIQ4WXS4dFTHsp99Cq_vJkjfUqaUW90iDUzT4igeeeZ8pY3KRVi-HGvxYgC0HuJI1ui8MtWqwghVCu5lN3CGXtLokRxC0D8jDUCeRYSsx6mq8pKzjxws8XTJdKCQ_5ewW-kxMhkU3Fj0Nu4ObRNTxCL8K-olbpx5qQ-ehk61aJQxL3LnFvIE4VCqEGlrkPOXqPs8QXaA00gSm4uU4dDDaS3wkA7qUvAMxVh66n-shqaXH-T1AZ1sMKPs9UkFzKyFT6hJAqbXatupSrB93ygDE1VICl06carjxY11PbCj25bMNfZO4NGXzwA4_y6FWID-SLV1MvlFqqCQjPB4aRr9UXkEGY2K4kxFIKDdY_zyFkdZbIhr4NQfZev5OkQ2jeXVNi6eMlfNNpfODvu0SubAj_UAIxe2XGdmRlmc0RI9kcUXV2w5fytojQf4x9WyNjFI1VfSYGpLICE1vjPAGz3yvpyO6GSu6G50aTpAy-Pz2juyII_HOci5xpTYSZN3TGNL6QwGi0rwuDPoz3O35wQap8J5CNGRO1bxpfrxTcu5XVuh0fd0HJfLuf59LLuXc5Z8Q_b3GHC-4E8FUuVQ5Px42_OVoYwKrp3Yb43MO0VuHCbc5ceaDawabodWvcS4W1kc=&xkcb=SoAn6_M3sPkvTvz4IB0LbzkdCdPP&camk=UoKtGZLa3XLw9-q_8S_FMw==&p=0&fvj=0&vjs=3
41,"Senior Software Engineer - O9 Consultant, Global Converse, ITC",Karnataka,N/A,CONVERSE,https://in.indeed.com/pagead/clk?mo=r&ad=-6NYlbfkN0CLAFIAocNJ4Wfrhm82ciahvtobYpoaf72Vrs-CtZeLT-trEu8EEwIc6NSOQ8Op6QKGVk7XU11F8HHIW7S-kdfpLKHRsmfXJaZJj-kqNmJX4EWNnMQxiZz-OHuTcVuqGirh1IHQyt8JMFozlZUveCea3aVY0uwEi53trEZUkeJXMeJDmh-4p6NAMdLQn_nzAmeBIrRnh7Kr03RU68-ORhMy5p37wyg0LJ788coXGJkuJHxunrfhQEH30BYyVS-Ug69wtSyYYqv-sZjc-byPNO5Yiutf4KL21wTNVBzI3W2_eORcDybY7VQkce7VoL1B3R5mpKvD3Ljdoj7d0s2QVz17AS7IIIYkBMzMWaLJWrd5K0FU_Russe6oNUleGprzzrcuOoTq1WIbg4gTbXYi1AP8ULLFseXFDqalYUTY38ZnGgubdxYAfCeqxrIr9AkAItJf7Nhwq5FmrIJcgtwUgEh9jClusiF4qSYRtdNaDFujVhZtbR6LG2HcpymZwgy0h04THGpTrUd9blEkzQNqi9PaB06iZBAjUe-YH54HsdOD2Fu9ynSXPyjh-GYAoc8npsLK5G1LEjmKQtVUnr09iEkn8EL6SyfXqBBPmICJS3PNBjXCgFSCNWrG_mb69MZsOiIR4eYGf7p4Ay36Zj3kkATYeUhOXBfvyvCub6rbSza1jA==&xkcb=SoBp6_M3sPkvTvz4IB0BbzkdCdPP&camk=UoKtGZLa3XIgFQ6tX0JIkQ==&p=10&fvj=0&vjs=3
42,Senior Software Engineer,"Remote in Pune, Maharashtra",N/A,Zendesk,https://in.indeed.com/pagead/clk?mo=r&ad=-6NYlbfkN0An6TE4nSNopf81v8h4GOnemh63Iw_8cinpVUxcVYAn6sHOf2KtlCGLc4fsMG9Z1ybwZg9PJNJ-HEuX5_-OV-St1OyUVV1fdvcs6vOCZ98umU952Jl39LGrs5GCx20yaAQ8mZ1ho5R7-echJJR-WgsZBKzckzQ7m5wzDMtJs-nUfzW5692voaZ6Sn72Ix3FscVujfxOZTKEmZx24GiiJ2ek2S5RhZoG5bhdr1MxFMQLzGmAqdQxHLB9ojmpva9_E8PrZa1wHfv9NuBvFqkJQ0iJTCxP4QmgL8vO_I65PM2toWWY119tEasnkukk4HZaqo-eEzJvsj0r5NrPFNFS4yxlZdhqA2jIaxGvlL4oPYZe7ChBhJHFo3HxiTqDN7QrQnU4cc9iN2dQZUSQNLWx_qwPGyNW89PbqT3BkAwjh1jxkYs20qUOnGwwjXJF1Vge4dLDPjvdW4K5HAmBYme8E6rR-CSLVZcyrdr09HrxL8wpd1JnkZVufRvziHl3QkR3ZQhhyf_iJTINKCJzFynpuYPSxMZ_93wJGq_HCH6dzdz76r8ui3HZgxkoWe8PfR6r0-dfxTF_E9yAyBOn8D4GyrM1qZHjlWTya4pHpGvbZQfEM6Bzv02GbZwtWssUI_lI5K6WdMDmftoTmXWJ6e-ZP2lz9vF1D6uL01wriS9SfnoUd_BtcHIjjp8quJRC2znRCIfxbB3AQrbn31nHMjQ-k7W1l2r_YUczmrEn-291RmSCF7Ip1MNHSFbl3qQhQLufvKvQ03BcJL_ZW_cjaPQ6V86Cv5DSou6VjwOpncq6SOtdSYqBFEAs03kFKmCvgLUeNAvFPFD7bZWPaQXExxj3VrSqgypHZNtTlUbX-KHI5aMXXIlRzfKy0AR1k7lKPoGreJaifNEnUG0Ydk2eiW29703d8vERTyK9ScpeDZDGX4YGrO7kmwglNuADB7bFWVMbssUApXM1g86ioFcaESaj_5cu1LMGlWqJNl8I6KSyfxONxDJqmW7IrwwTWFCNI2IEWgxG-672QMyZqXGbkyQfPXDxJ70jSwAiTl_h7v_68GRQUOv1xYhxQhpsayynYedDAq9930iKQ7UjGIjZUJsT-1tm5uwMRl47M6B8vTeVyrWjtaGFU4pb90KIHXvk04YJZHCr9kGFenTOHmGA1S5u8S7D9896nQ38wU_Wp1xgyp4OPVOwUQl8Aj-f65FdCVevuCMl06-R-hu1Gd4MZ3c_uyksrauh1m570ryuahCOiHIM3HIpkM6CL41A&xkcb=SoA06_M3sPkvTvz4IB0PbzkdCdPP&camk=UoKtGZLa3XILVxi3wsLnQw==&p=4&fvj=0&vjs=3
43,Mid Level Java Developer,Remote,1000000,Puffin Technologies Pvt Ltd,https://in.indeed.com/pagead/clk?mo=r&ad=-6NYlbfkN0AQWxE0Jr_P8E0017qRHsDLeoh7aJ07JBvAffYAEa3NKDp6zN4szQPF-Zfm57pjK4MhXUdMRJL9UaBGxy2GdAa7o61W6Ondq0W8670JhX3S--Lsd6iwxPWhhnAK8kxtEFBpGL3bnPGi3ABMP0Kknqujk9i7ed3uMYHosjbpMqiNIUDBRAD088dzwdtn2yYtEVFh062QeOaOXUyR5eaANzv_ONfyTGq1TeMN6adfGXHEQD6gSIBPOcAWbGSrspSKmVGUFaXNvOeHlGH8PzQ3_R19YjR6jcNeIMtEWmh83frnnlvyoFWOGZMIEWJATlR0Ex16T-30j2utHJJnz1HLeqBmtg4vttIUULYfohcwbS8NXudFYbFA78hC-74JlYBumYf0r2vfgPpH3BRZHPggjOHWcYcAJQRPT9EMfwWa-9h3dlBtedMr_frYpattGQ0UUaYkYlJ_OdVTOrAhBnsSTCTVvpcEpHDHHglqPj9-fkC9S9HjrwPMB9icqdxyGLNl0i4dOw0c8ZTMPD79Q81tt6gS-T7uKmAkckGW0I68cPTAq7YTQsg-_E5wI-zSEnSEfy1qXbzM1eYgmuM6A3BFuVbtCZlJ-IHdOtOwvfBmYxeKVi_7e6oV0QDDMmVDEtrRIuG5fczoBWeEsZ7mfSVmsk7Le3t0kEeGrBI=&xkcb=SoAO6_M3sPkvTvz4IB0JbzkdCdPP&camk=UoKtGZLa3XKSoVGUgTB6AA==&p=2&fvj=0&vjs=3
44,"Principal Software Engineer, ITC",Karnataka,N/A,NIKE,https://in.indeed.com/pagead/clk?mo=r&ad=-6NYlbfkN0CLAFIAocNJ4Wfrhm82ciahvtobYpoaf72Vrs-CtZeLT-trEu8EEwIc6NSOQ8Op6QLjGcKO64sKTJwMEB_2Nf3qNRayDeHQGKvfgz4oLTAMY95UL4Kxdu7aI3UmymdzheacWm3ZB7DDo-VFGar8Lp_33-1pX_T2xhE3Ycv-fsBgarlWMaCuLYP6Vx7rOP8aASpPFHJRblEi4V1XifRjg2qdzY272yP-Uo-nNt-8IXy2m0vgWYm3IuQqsyV0rZgWu6ZzHZnO1QZKRcLZkNHUO9C9qLsLWdH1k9R7HTEzqmE0uPQpCS6Ny2c1txUSPrAbgCQqmnKnGOdh7xWALMP_hseicb2BCuwRbLBGMLmfA7irlocFtl68W2FmFokxPrSvmdnrDNerWwnzC0-Cv7WPpOg1KIhfMYeFb4To4Aw0fuL1j7nZXUTFmT50GL1k7MK2xiZBOhlszqYZh1a8va3_fxf5PSqutAgyXDH2LMaC4i672LJ4YEoKceUyajDUA0wudzVapGaccbeOlINcjuetmFcSX_RThFRD9WzmQkWfbOB-nIxsnQ2jwMZaysfA5X7OW_hbj7xjSy5OPsejIeDr_GS0sQ9fkI8vuyxiPlHNmnHZt8GZWnmnd18ZzYAL36A2Itujv-u6q8-4MATZrg2vEUqky7g9pIeZUIQ7KWnr9mOsig==&xkcb=SoAd6_M3sPkvTvz4IB0NbzkdCdPP&camk=UoKtGZLa3XIgFQ6tX0JIkQ==&p=6&fvj=0&vjs=3
45,Software Engineer II,"Hybrid work in Pune, Maharashtra",N/A,Zendesk,https://in.indeed.com/pagead/clk?mo=r&ad=-6NYlbfkN0An6TE4nSNopf81v8h4GOnemh63Iw_8cinpVUxcVYAn6sHOf2KtlCGLc4fsMG9Z1yZGrgkjef44Y0yVqhOzKvRj4jClsAzZt0yl9JB1wbdIfUesdjQSg9_8d25Aw7kL_lJJBBauRNVV3i8V_fGn2AjVfWgZHZI0uVNQJP8IQ2CzlG69k8XVkq-05X5HE3bNFxt4DedGxTsgiS480z8LRNvKyNPio0iOEgOaIJSMUkDgSCMpsbW3zUzcHdFLb7Tpkpa9lEVQ53yB_nN9IJxGcgh9G6aSPMN1chUD_tVLCJOTDGTA1tp5Ps1xYjhA3GBrbQCOWrZOxTRFJW3DQpM96q92MnwfVg2FRsrdGaB6TheitQS5SKqDoJEjsotFzlog3dc_Xq1VUA3rTewfsRhzNLJe0hE5mY1JxrrNfDaQbyiFxTudwDxkwsdUQGo-xaAMrlZS_ZL95CJnwgjzEAIYShBLKY4KcoLIOEigksDPomOEWXy7x7DZp7BUC2lb958lS7yWNNSnVVQthh9z6rBmgoNhWnUIX5Zdfze5rxfLxLa0wAD8qpSkhaZdg_XEwS3LVjYgSjTkWHpqHDLIzR0fYm4zas-srm1TWppNsWpCEXRUHhXZhxoK0O4lgqJzOQSy2hmAfu7YIetXft0-xjIIUMY1PrYLFom5mqwRfSMJPBJgvkUz1ti_Zo0U1IUrHZyCsXTSDp7fQ5FlL83aHv6glff8PW1i3yJAKD15G8CB4-qbzG9B-n2oPKYZa9oI-ntZUKcj88-zshyrIQ3QsSexXdYXauBwnlFdkyMnOhIW29etuUUeQXVX5PEJ9mJMjn7uALLp3HKP9Kov5CKCOWIOj_LxJf6rzI-16j5fI1GZz4FOpbEL0Mws_mKCfJyWC9oUmeNWaQ7N-KnPPiaMw3b5N7Rcn6E2Ci16hoz7SGfpe7H7Q7EwZHYfFnH3LIRfF1F5Sigue57WVev2JVolAHbXyXgweZ0y3wiTaLyzNoDNhnvm50JX0fAtO2mo2aSUwG_7nBx3gB6C_tSTo0PBRvP28aIJe2MmPtkHmqxOiJgw8qmc1Bvxin0t6rBie9l7iA_4Z1y208SphiqfUXQSR2c_59GnN5aa41NCLBnA6ok0x-i5T-kOPRFQJ59Ih3dc012-37nU-XYKWhTyaMMptcqKb_dwCVRDk1tE9koeUNENCEE1sk21ihwNbC8TZ2fC1GCgqBcQFpIwEmqAEY4UwNeAxbgpzfpBDpfd38tqfwDZblkoGw==&xkcb=SoBd6_M3sPkuJ2zNTZ0DbzkdCdPP&camk=UoKtGZLa3XILVxi3wsLnQw==&p=8&fvj=0&vjs=3
46,Fullstack and Shopify Developer (5+years),"Remote in Indian Research, Kolkata, West Bengal",N/A,Outsourced,https://in.indeed.com/pagead/clk?mo=r&ad=-6NYlbfkN0DfHucAGeLlQxX2qblmtYnzSsehmLH3pQCJ1BxNdmrA38N_19rUhoBXZnNNcN88BWpiPhobKSseNj0Ww34B89b_UGXsA87t0n89RQVOV3PKuert-A-31saNa0JCaAPRNzgnUBSySakkwFX1h6LmdPZ5dTBFwVJkjj-lJ5u1929wWu_V7quetPGlCZokiqY5BX09c9AQxpDItuV1G_7yX7IWWYdNoPgF8GaMXvG27JeHkL3APyaTfZ7hApOWhR6LKTo-DKNvyfU8YHxoxdg9Mx_89jeqOfzxLmKhsZejnc40Ej3kxFMpmuRx8U8TkruymWoIlImIpMqHLjtzDRfBSdrUKi1U4P3vk4JJq8TfabPuIv3cFXWi30LmMBP4BK2t1vOZDVht1J4yBBb9w_BGt04wYd4R-NySi1vaeOXd7cgRqFBd7SXFvHN9AqqMHUWV3vgsxb-xpKV6rLEb0mEa-U3mIfkxPhdGpeRrFDstrGdbHk3C8H1ZdzYfyYwYdLUaMju1Me81pnE0fe5QBbFuSMy66C1NXO5TBGKBUx56FOyvj5LpobvNVqYQrdLRIs-ovFbA0HH72mCYWRo39B3CxuwSlynI3sYIqV89kWp-CFU3QoDm4P3b4FZjtse3Y091TAVoPPSOptXM9YVMTZ3louhupbuR1pXLOjAsmr0EVpxrRmT82U4pMGk3zqa3QO7hIc_j1nifSA7bidRShRCsaJ0c&xkcb=SoCO6_M3sPkuJ2zNTZ0KbzkdCdPP&camk=UoKtGZLa3XL62PgYNbrjUA==&p=1&fvj=0&vjs=3
47,Software Development Internship,Remote,75000.0,Rhinostream Technologies Private LImited,https://in.indeed.com/rc/clk?jk=74a4c40c18e120fe&bb=nDBXF2Gw3qMOa4eUZnjzpS5VFrRot4A9WkwGwf-V9Pw2EWKcfE0Q4SM3-r7QmO7zLxG1H_XOO6ukwRU729f2jHO-uhN34KarUXnH47yf2Ymf9kqsABFuFtovtT_-G9NaI9RUgX9avQJc1flQrrK6ng%3D%3D&xkcb=SoAd67M3sPkuJ2zNTZ0CbzkdCdPP&fccid=990a8b091e457629&cmp=Rhinostream-Technologies-Private-LImited&ti=Software+Development+Intern&vjs=3
48,Software Developer,"Okhla, Delhi, Delhi",10800000,CSC e-Governance Services India Limited,https://in.indeed.com/rc/clk?jk=658a01249fadc7e9&bb=nDBXF2Gw3qMOa4eUZnjzpe06_Unyv1hvoVhcWuSbi9aMsQ97Mmu5SQSHzd8fLyfNQdHe7FgAhnRy-YA8vCBQ3aCemccYfq0Qy4FJN_O_XgvXABtvGC2dWVYQZ1rMojGulhGjKNjO8NIOhIkT6D1fwA%3D%3D&xkcb=SoBA67M3sPkuJ2zNTZ0MbzkdCdPP&fccid=d27910f4996875a2&cmp=CSC-e--Governance-Services-India-Limited&ti=Software+Engineer&vjs=3
49,"Senior Manager, Software Engineering, Techmod & Automations, ITC",Karnataka,N/A,NIKE,https://in.indeed.com/pagead/clk?mo=r&ad=-6NYlbfkN0CLAFIAocNJ4Wfrhm82ciahvtobYpoaf72Vrs-CtZeLT-trEu8EEwIc6NSOQ8Op6QLjGcKO64sKTF_AGOcGJF4JeVxYbb-G8ZM5U7wl_jkGVlssj4q0WnVWVCLe3cmqMVco_3HnfC7Z6pX-ko9ZfMvIG22jr1DlG8SQKUkBKbBVIydSE6UqlpDuV6KCl4fNJjySRxfxBKLKhcrzQdIJ9esKlyrWme1cvd4gfOTsCtGWMtVDs75Kxmt6myttWbxCU_RDYdsF4EPqhSJ7nucnteVRESD-IQygNwY6P17k4AlRnWOPxoHI1v8-R8x34ZNlhOmO-63-drXHVKj5xmVt9863Q6brruDRm7FNznTEJNVFey_6oWiThOSPIx15XK3ryb5yZoeimes11fwD3bE0FPs_jU04UT9G-T9zDDCKllTsZlhUvtt8UDtME7QU5QOFqaiNAtuDa7DO5H8dpni-UKuOMT-xY-k1ksV0JGSuRCZyQMcCm7rS_3g-5AKetu4c6aDp5n2UuDM2fgDpm8wktmysUlY-5-NBMWrRgI4TkQ7bO3Ny4Y1wLznsE_GimhWBXP2UAHbRW60Zf5NXGrC03yEqqWU0jjVnik_nPBJIzKO9lncv9y6cE7zJpjC_aRPZnYqn-40PLMQEOxq8g7xqo918GP_jH8yoh6WdlbRgGCyavTEfhYQnnFkS&xkcb=SoCd6_M3sPkuJ2zNTZ0ObzkdCdPP&camk=UoKtGZLa3XIgFQ6tX0JIkQ==&p=5&fvj=0&vjs=3
50,Web Developer Intern,Remote,135000.0,Optimspace,https://in.indeed.com/rc/clk?jk=fd228c79a917d0aa&bb=nDBXF2Gw3qMOa4eUZnjzpdxd33rsMpXNZfYLkp_NAYHrQDFCAi2eG49hrsVNw_hJYV7W8zcpklOxlAjAZez8cIDQw91M7M2BGhAPWZckFGhqzIMCrYeg_ChiodiTehxSahxJbtq3qzaihtGdu_Afeg%3D%3D&xkcb=SoC667M3sPkuJ2zNTZ0HbzkdCdPP&fccid=faca98e267050729&vjs=3
51,"Software Engineer II, ITC",Karnataka,N/A,NIKE,https://in.indeed.com/pagead/clk?mo=r&ad=-6NYlbfkN0CLAFIAocNJ4Wfrhm82ciahvtobYpoaf72Vrs-CtZeLT-trEu8EEwIc6NSOQ8Op6QKGVk7XU11F8EbTneSTvBuH0Y23aNIAQFouZuU8Fz00yjGm9ELZAfHPTb6u9C_BYCSy-iOuu5ELscXPjP-tui_ZRJlMyAO29WhUH1U2DHHS5zhMxL0WjGORQWN-SzLSUnEWUMVblaNkVio1DRf0bOsiw_jWU59qrRaIE2QS0lcEcN6yds2BBvJoy_7rqTCn8vW20BEGaBSADApFufBi0Ar1WnBH4JW-bX13ZivtpZi9HIdA75NxbtUqP783va6VWZ5N2a4vvUl11su1MWMDHkN2fofzCkIBko8meNvbPOqObQd2sif9fhJzLnsfrZ378p9A6cWpm3P3tmXWO8PFPViIfoo1BOn0OPtRS3Oq-k5hqe8M1iAMQr7Na_Gn1v-TXKIrg_Cun-K3GXEDlKV36hTjhsEVC6WLMAAVHt_EQgGuFVrO1ZTBfZ0IfNozM1e5AiZp_36OTP4YFa5Ru1-MOA7a5v0FVi3sHuGGSvCfZKNAHSUIjZYSU5uLqfrQsEaN8PxAFxD_z34owcxYSJXwAcI8F9l8oRx1QASHMx-PnKm1yKcskA80TgvBxQxubExH8sS6DGm-x_Lrd_mIsuQmDVcvYXZPdCkE85o=&xkcb=SoD66_M3sPkuJ2zNTZ0GbzkdCdPP&camk=UoKtGZLa3XIgFQ6tX0JIkQ==&p=13&fvj=0&vjs=3
52,Website Developer,"Kharghar, Navi Mumbai, Maharashtra",420000.0,Oracura Solutions Pvt Ltd,https://in.indeed.com/pagead/clk?mo=r&ad=-6NYlbfkN0BoTezQIGI30Qza2j9FE0k1a36UOp_CjPokcR05qHPCBTM8ZV_giY_u2NLtHcmFkf8PS3EvVr5QXTz1PwRI26qBEmFiK4rl8JA3AfF7OdrRjRULtglnNgaFopVS2e43jt5J0fMufRdtIUke6ns6AjaeEWUYC6TD9E1Bh7Fjnqf33cfPdxpbGGukVJ67YF8aRUS6sKuQOHMkPhfNHsotAdjrl78gE0FfY0McZp3Uvx5dQQ6Vc61YFMaZo9y2H_TbSS6gG3Wl302mED87S6LFWbEZO2azA9lQfXhL7K9P8jOJVcIcDn-fh4KMFrIXUTs6lhhgbwRGhqo-3byMg78DjSLJomsLdOdBvWmIn8-x__eTNZW9XQNTeaTldruyeNsUf17LvozMvWBeN3ix5qSKY-48t4NCAGy2a4TEZ5Xz7lgakV1c03CVCoMqCuEzo3vYy-mGStgZu_473f1Z41w2pYYtnUvlimFH4prVIfrgpLF51Gi4Wx7ocHvbgT2Xl8GUZOQiHdmTzT-kM7uzvRYDH1Wler2jJDTj6oEu6bpzFRM068RgQz5JoBLoDUyrGe_kEk3l-saZRVfcg4wNILCyTsHGSg3nf6dApPD8RifY3cOyCJATf3M7n6i2jJYVmhgXJkKFiXYvOOvzEjkyJb7Lj3fB&xkcb=SoCn6_M3sPkuJ2zNTZ0IbzkdCdPP&camk=UoKtGZLa3XIzSUnw8hTMQQ==&p=3&fvj=0&vjs=3
53,Full Stack Developer - REMOTE FULLTIME,"Remote in Noida Sector 62, Noida, Uttar Pradesh",540000.0,Codelab Technologies,https://in.indeed.com/rc/clk?jk=681d51230a82e7f5&bb=nDBXF2Gw3qMOa4eUZnjzpShXh1PZHRto1Pm2bsIFVi_-LXs-kQQ4Jl5j2ptWaPVu-v8-nMYPP8rpUgH-BOWRdlz7XMrJS6iJfnKF-MS44DBziD6P-JZ_-LWI6cz5zIdyfpAvqGabHg-d92L1GlFuUw%3D%3D&xkcb=SoCT67M3sPkuJ2zNTZ0FbzkdCdPP&fccid=63c339ca0d747d28&cmp=Codelab-Technologies&ti=Full+Stack+Developer&vjs=3
54,"Software Engineer II, ITC",Karnataka,N/A,NIKE,https://in.indeed.com/pagead/clk?mo=r&ad=-6NYlbfkN0CLAFIAocNJ4Wfrhm82ciahvtobYpoaf72Vrs-CtZeLT-trEu8EEwIc6NSOQ8Op6QKGVk7XU11F8BEv6T2OMx1Q1KwGUageExLsXK2P1SIqoN13xgi4FPF67s4WPR79yqYgD7JJS3I88jRPywk7duTg9UUpFVXrKflB7qBR_GK717NogWwECwg-lKjIjT7EZwOmwrcAOvLQeKev3tD3A1DvsDwHzjnrLfd72kx_LvEHWQG-DZwhdIPFAIjS4MDO4-YSkr-z-F6obj5fgAzu_rz8C_4FHr3RJHKBb-XPzH9qvueTrqXm0Zmlz4Zhp5_UKfMIbgPx_QGFc6Xo-qOutu-mLBkGFG78epw9CshaZ6XRscDTQFlDX0BOOmjeOyR8pRcyV8mgyNnObYdoQ3IxJdx-HGF5iEHEr6wpy9pGxtRvO8IMgIKqqcloE3JgSu7JkcKC_UCmqX3RmmW7CgYwdw80ICIq1AdUJIJu1CEmf5yqO_Hh0gkOPjEnxJDa79CPgncYpYgOm-m8YRd8nku4fxMVe_tasTUuRibTZqAQ_auZq7ziXDulE9aZzg4r33iMcmjzUwiCQ-vRuAMdSjVdc9YSK_JHWJyjWTKgYWeRpk_sQxJJI9PXpze4vRE4APmwMvGn6jfUuJ2_35EkVfpjxzIwzceBQhF6gpk=&xkcb=SoDA6_M3sPkuJ2zNTZ0AbzkdCdPP&camk=UoKtGZLa3XIgFQ6tX0JIkQ==&p=11&fvj=0&vjs=3
55,Sr. Dot Net Developer,"Mohali, Punjab",N/A,"Chandigarh University, Gharuan",https://in.indeed.com/pagead/clk?mo=r&ad=-6NYlbfkN0Aw3EAmsHyCs7WADtXDrIN0wN2EhYgLP_aStJGJlWHzgyzgWHdSmA6wWputGqIOnDObYxN6I512GUhUrhwPfnE-uoBBYtPExyvxOd-6sgq66ff2rDcgWA4CdOZg83p0Rco5iSxt0scDt6u9y9AdkY1B8cBTU_NDgLfii0qMs7VQcpt4UkaZAQUW7E6ZheSluCLjwM6ptf4O86r8bqLiyoPUTF6PkHszP2bp-cn-VEv6bHc9jSHkLoM77mR-EQNUr_10O7N_pCjsuyZLsQ88cOy-ABNozQaiMYhCRHk5KrrCVT4DdWQ3ZtlJBFYNOOYc2EFZg9YHmaLnzDhj7leRjUWczMTaEXFKzEC0GsuWieB6Tt0vLDqLktuYLbxUsRQSLLxVeYIHhCQvB8OJBCYSWD9k_oFDWno2k7sNK8Ta6lOoq5MJF-kkB5XBu8790WQ7Rr7k7-U7sKtBmb4wCMjrpBvXdAx0zyAY4iap1dTdmZOUbgye1t6vfhOEcSCYgPnzy3gRh8NEFULnky_WNo4AZhIjxcipgnJayRDJnhsyhNAURsxHQmUOv_vOzovUYAql9wCFVjlGeTUPUqbNtid9iWqPKQxD0C9o6MASGvDETNChyb1Psazd3KSA5PeIbOVKkch7yhYbtRp0QbnvgHZ642viycxaLV_xYz-6n4cSbEbfCb7Jt0wYJZJwbohIJMaw27M=&xkcb=SoA66_M3sPkuJ2zNTZ0LbzkdCdPP&camk=UoKtGZLa3XJxN9t7lOoOJA==&p=0&fvj=0&vjs=3
56,Python Developer (FastAPI & MongoDB Specialist),Remote,400000,Destm Technologies,https://in.indeed.com/pagead/clk?mo=r&ad=-6NYlbfkN0BK24zLfiPhUvgdhL0U0Tzijg__lBHeIf1sOqtaSUNNbqZna0yZyGLhAwJZzjWp8VXAo4ST1JYk81pM8NFJ_rV0eSrqQgwEUZIhrTb84EPqygsPkgEKccOvCBHXflZpsa3GzdNj1wsbGfBeV21kqT7IX08ZluxdBdMBWsXt9uzFD52_YYhG4OwtkbzVQgs4BXQM4oIj-aC3YGCx1Jfe_xlJ-ZSdTrQYbZ-9kflI8U1XpE2GkeuH2HrUQdw396IuhMVa4YzBDq4rYCXX86UNiFIKl0NhpxaKU3CfuDksxCDYgGvd_qOgwSVEniSPKz9IGFfC9tj_MJOYvU6pwNdb78pVHk9iBhXIb17xGO7cm8yt9CsK3lTWts5B4gSXa7Yx-42x8NkollanIoJBqaBLP_q6_NM_rCFmur612l9kCgz7awH-cXV0n_FS4sq78UlJhpT2Mu_yx97N-dG8sOAgB4ljDjeOQaBBmgtGrnnoWbSAUf5tr8TwJLSqTHfK3r3keF5FMafvuKatM_b0UIoR3oQgGMRnDH7wpcEoTm55xw2I3rOKIf-pcY-FKA5WarHGOcPTnEaXNDfrgIKVHR0jg8wvMpC7itLKNdVwaXBhN-gPAt20zuZQ9shD9Im7lr-IM3v9PW-N_Jg20PQxz-oEx_BZXUKhr20On040D_plZg8fLbA4HJ7R2Vqt&xkcb=SoB06_M3sPkuJ2zNTZ0BbzkdCdPP&camk=ethIe0s0hefjsgcHdHHojQ==&p=10&fvj=0&vjs=3
57,"Lead Software Engineer, ITC",Karnataka,N/A,NIKE,https://in.indeed.com/pagead/clk?mo=r&ad=-6NYlbfkN0CLAFIAocNJ4Wfrhm82ciahvtobYpoaf72Vrs-CtZeLT-trEu8EEwIc6NSOQ8Op6QLjGcKO64sKTG9rvRPUZztNzblUrQei2Jm4uxtQAfV5_dQobWK3p1QkdtOWyrNlVpe2SlYSyfZCCqVlkLJaWqU6wig12m2KD1yNlrj5tlKwqO8rRjLSk95ALQ928cI7XZJjQ_JKGe3ZS5GyNzvyo0asC6k84etKpbiRA6ioqlL69fanrA0z5GgJi_H4AyqGq8dAZIMe3dN9qpESiWj46921iFERQbj-bQ9KKSJVERm0K9YpaxnDUTO_i3KSUVwxn1QBfeDPwcPZWuAX4rUMg4EXTauADAbXww3mYH2s5wdj-G26ooCRJW5pD0gaJfe-gryTibpLpMFzsIdA5GaBaWiouTFnVQqQKiw7Nk2SSoOV37JiXTJ7LwhM54P8N-YhQHQx9JzwdtGg7A8l47o-quXfjDeZJduRjjqEuamhpZLHe5-Jt-_KTruQL60VBx0kkbPYvYY46zSt01L8TrTAUgruc0gATzERJlHjdOxOupEsDAROTQFpbwx4JaaA9cvdqX2QsesXh96I_HGhx9_LAN1y75k4FoP_jgNEWPkn9JSFGiJzDTPWGJDDfjBZxUM0-jPGQIAowv_rl1bHw_4uUWFN3yCEeaLhqfO5Mkl0YpP2iQ==&xkcb=SoAp6_M3sPkuJ2zNTZ0PbzkdCdPP&camk=UoKtGZLa3XIgFQ6tX0JIkQ==&p=4&fvj=0&vjs=3
58,Full Stack Python Developer (AI-Native | On-Premises | Full-Time),"Panchkula, Haryana",480000.0,Qubify Technologies Pvt. Ltd.,https://in.indeed.com/pagead/clk?mo=r&ad=-6NYlbfkN0B6N9Mrpy51seAGymYZKHgIU-DC4qVpml64jCLgdjSreDNBRitrCZo5fcaKA3k4wHm--k8-Xi8e69pa7NqdrJUt6Olq2K5wrZLIw-olBIQw73_Tqv7xnaElYlW2COP_okxrDjLQmkGUjT7leDDWqr_bvMY0-ykyCKXgF33xcRrtP7bx34AJtj0W6yuqLZqa0aI11SzbiI9zUt3ZaNdr3b8Kp1LibWXCETl3oWILPzUngKgxBv6ngkT5l14msVCNLg6E6fzyNIylViMiCyvSNZe71KmRHfoAo_iz9zII7E8WISDGRkJVk0URRXdtPytgfIAAk3FrFt92wE90c4TGlLJbHkQwAQDaeYK2uky5yFtqADZo5Wn5UiQqUHpNQ5PViKNzhVFzkBZhP4xoe86lD8C6K6FJgqlMdY-86YnH_YkjOXuAQ0QEdB0dOYj02aTRq-8UTwnshk0NWMTDpLuv1PB2urfj3SEc3vi5HBlnzLJrscqiyi5PmRMeb7FkEcSHJmBO6POoBdfzWw8efUNDwmY7wlvSqszIrFgGxX-STBq50ze1l7eT6srN_BhvtuGgEjXWrXQuSVO-sq7POk7lgKmsZm74H_Xp3CSiM3iYLGrijDALUrQIyW84D0O6jVW76yRhVs6wJ7nEbVHkzPeZ_zuXe7TO1doAFVLev3i6RAbqSDe0tFoDvQFumsPT_kJOYECqLpIUtEHwi5Zi9sE0zbFh2spElxJ6S0g=&xkcb=SoAT6_M3sPkuJ2zNTZ0JbzkdCdPP&camk=UoKtGZLa3XLXsw67FY2MpQ==&p=2&fvj=0&vjs=3
59,Python Backend Developer Intern,Remote,125000.0,Starlabs Technologies,https://in.indeed.com/rc/clk?jk=416917743a757cb2&bb=nDBXF2Gw3qMOa4eUZnjzpZVyMHU208tK_pjsI3RJm2EsPys4_AdWW1zo-ZsKPZ3oiAMI2chYnQUnb9UkmErmum0bvtmQpmWhSBQ_sNBjbU9vL--GnWbWylUb3baLdmGz_ddzSsTij1UO3HikHVGwHw%3D%3D&xkcb=SoD067M3sPkuJ2zNTZ0NbzkdCdPP&fccid=f7611366e327fe35&cmp=Starlabs-Technologies&ti=Back+End+Developer&vjs=3
60,"Software Engineer II, ITC",Karnataka,N/A,NIKE,https://in.indeed.com/pagead/clk?mo=r&ad=-6NYlbfkN0CLAFIAocNJ4Wfrhm82ciahvtobYpoaf72Vrs-CtZeLT-trEu8EEwIc6NSOQ8Op6QKGVk7XU11F8HFVhYZ150V1crh7mCkxn1ktIBrZBFpxSu4dB4INQxQgt4IGeEgancTpgPFuprezTmOXcJ6ypcttdtueUeRY6lK6-hZJELgWda-a4UgHH59YTGZ2r4EPZ-M1B9NHHRhJcYSwFraPkraifjeoMGDwokuQYKyRFP_SAVTWp0w01NCqYF0Sym1E6NuWXWwe0sjZqB9RBvlwJJsYOLLZu2sBqHrB5bHmXCEj3dxkvi0kmroxhO0WcCDaXfUHrNK8eqh2lsme8mYdJwuNl321K2kFC9PrNfe0qABLLTOpMmroXYy3j1iPaHId4wJEwW_ZU0r_H_7s2b1ywTbNOqgujOj5Ax0hq6N2LFbpiNIvC1TaBBuWJvx6F30kFVda-6zqed3GWz8T9WezzRwOJmFG1ltaSGW-xrbbgE3Hq0u4JTizyNnynNAjQY1hMU93djoadnoWK1zkmmrGdsQ8VOQ8iHEMLHZBE8QIw9bhvd8atkARa20yfVHUqAcjL44hlKUM1w8bmmrhFZpW1Mf_qPcxkmQYzj7KslyssHIr40QbR5ljgC7I8EIYLJMEP8r7JX0axHoket9wJAFnKGeCGPCkb2owQbg=&xkcb=SoDv6_M3sPksg0TBMJ0DbzkdCdPP&camk=UoKtGZLa3XIgFQ6tX0JIkQ==&p=8&fvj=0&vjs=3
61,"Software Engineer III - Active WMS , ITC",Karnataka,N/A,NIKE,https://in.indeed.com/pagead/clk?mo=r&ad=-6NYlbfkN0CLAFIAocNJ4Wfrhm82ciahvtobYpoaf72Vrs-CtZeLT-trEu8EEwIc6NSOQ8Op6QLjGcKO64sKTHyRHzM7Czl-y5o3d69BidCgnT4_gDejSIm9WgbUhJ5LrzT_npvlhSLTMz9yiEADfgFHhOUAvt9ZuR_LrlODsCkFrR3zGuG4dxTrDLSz5TFiHprC0NDewVU1yaEOv8jMjfYokmqxFwHPebxPomLmvPmCVf-0o0SZF5Og1xKUYuJdTgzBICEkXo72nueP-gVCMR8KkSD2RfvNd5v10VItC8KGY9Qtwv_JZ5ttIO2sv_MSHN5K6771YQ5zmepJ_oz3WKQeURf-z0nzoqqpk5QkWm8LF1qmH_sY6DzvrGPRj3sBrtCPdFKuSTYO6C6fBGmUDDaxMre5Cr-NDkYxc1ELf1KbkOyo3VrMmw7dWSVsGv9l_WC5HDD4CFbJGahmtfGNj0PSuFku10uQppoSfgNPYt57dd9tyUxywPoQje3C7v-DGgXaA4vQtKerAWcYY9Eh5VHywQTZ47V3X9OcRHQLt4JeoApDa4vdlSYGnXlUaXWoDCVgPZYXOYBqOIky6KKnHSRHoqItvRjycW3Nfc5u0cACg45Ivij6FwfiGdJwwTrbiJDzhN0GcS6IBCkbMIVsziST22UHNnMeMDU52f77sgZShp_15oKoMw==&xkcb=SoA86_M3sPksg0TBMJ0KbzkdCdPP&camk=UoKtGZLa3XIgFQ6tX0JIkQ==&p=1&fvj=0&vjs=3
62,Software Developer,Remote,375000.0,ACNJ Technologies LLP,https://in.indeed.com/rc/clk?jk=c2aa4446bb52a0bf&bb=13wMyrxcoWO5pJnhVcGmF9rk2Nd0qBCCTJ7F6HO5RFBOKfmYKddMr0x1SZwwOosfPpullJEWOrY5VL1tqLqp81z9aYkfZcWTl8qJptKu7ZLA31oNd-Jtd-H3PO2rIf2Ya9-iiOMqh0iT052f8WfDjQ%3D%3D&xkcb=SoCv67M3sPksg0TBMJ0CbzkdCdPP&fccid=2c9d33b572808827&cmp=Apex-Financial-Technology-Limited&ti=Software+Engineer&vjs=3
63,Freelancer Node Js Developer,Remote,123111.0,Fulcrum Resources pvt ltd,https://in.indeed.com/rc/clk?jk=344d379d901fe56a&bb=13wMyrxcoWO5pJnhVcGmF3AQw5cg6DGsrXxA7b_z_0PpmeX3W5kswekkzELt0uoELVjF5uEhxVD6YMZP3XSUxzfCd101fQaWyHoPHx-Hscc88jFhyEYmX6lF8SEUF_bX3jMZNn19BmuYZ7M-Yq-1bg%3D%3D&xkcb=SoDy67M3sPksg0TBMJ0MbzkdCdPP&fccid=16398696eeea75d1&cmp=Fulcrum-Resources-pvt-ltd&ti=Developer&vjs=3
64,Senior Software Engineer,"Remote in Pune, Maharashtra",N/A,Zendesk,https://in.indeed.com/pagead/clk?mo=r&ad=-6NYlbfkN0An6TE4nSNopf81v8h4GOnemh63Iw_8cinpVUxcVYAn6sHOf2KtlCGLc4fsMG9Z1yYUibhw8QVDEJuGsb3_dipN58EKos2MsXaU8busrD0eUIWCqzFsLkpCCOZM3ufqF1vsOG-elmnpvQTBgH0M1dFE6IENQhizFFi0JVte9_6JxUHZEeIhc9t7uHK8oS6Km1HCfuiP7Ttj4i8S3gEQEEr4Rmjqy16D9BsPnreZox0vN1bCpSijstrSlaH3n6osQbpZFx5lhoJDtv2z5m6CoUV8_qBoEZmd3p8C5FBGnihxb2MxgvANGRWgB466KqK_hYW5WXWtNSrNHo9RPFuLiittxpjPAlntx2RyI_hwEIAzwycWpACQwfcyhT_Fk5WsbP_lcxLKqmx85uinZwgDDdOhpNDCqNGpF-yVmoCpJ7767MoMT_VwmByogzKNmzTmsS0UiaC8j8xaHiPbyvFIrP1VI4Okh67i_4QCWUuuUoo0jjEFL4Zfg6iL2oLF6p71XEvZ4FusuFmhZXAqLjWUCFG0IvW5QPECNKMgGwpGO1EbLuMUmawWby1XKM4M64ZWMo-cjWSA8Y2RriSsdh7bjjO-QnBH2k84CxCCkvAXcRLDfIqbTxS4p-qG3b6A1se5Fqpy2Q2G2t3xNUhhT3dNj82WwC6lFtLiyn1N2V39MBE3plmaJmxDOANgoE-hmc42TfV0KGHLEOwj9olCraXyvnkh73_y89dCqfbgTYL_Sg1RBr0RO0CBBGLEvZFPo4xlEKmqfq5wPh92dbuyyANvnNGJNi_KSIEzXL_uGGAu1k9WG2xelFuOQLgvVcy8pb0wWzgWH-S8PSVzVaMnGxbiVGAHGNN0QTymqedkY7iopS6tGzPg3zFFjaH7FpPMjfZo6axeUIiXSoi7ift3pvWvbJ8ldE3VXsho9UPVpHBtdzHj-Jaut9GM9k_SApTSdKv5h5iwJZpLue2MQHiqumhhZJE92ytQhzxt15tJfZkJ7XVuLxOFBN9jfUE5tn2QpHLdZFbt1zsldtLlRujEOxBdZHmtsNy-N3o-0ur9ljKx7tzAjjoNTvUL44tdZBgh9nktDiMrwHEcA9mTfqMawpw0ihJdVhH5FKqbHsOwTuBB3cUqTge9JwdO41lcOJNs_XI8Bl33cS3aMrhxSw3kLAcJLrevbuFqFQaECWa9NLxzG9pq4mTaJEeBKKWeNtayXG0XvatVRMILsi61J8Vf7l7otyvqvl1dVA5T9APugkkoTY70FlPJpwiJFit6&xkcb=SoAv6_M3sPksg0TBMJ0ObzkdCdPP&camk=UoKtGZLa3XILVxi3wsLnQw==&p=5&fvj=0&vjs=3
65,Shopify Front End Developer,"Katargam, Surat, Gujarat",840000.0,Praella Private Limited,https://in.indeed.com/pagead/clk?mo=r&ad=-6NYlbfkN0DKB3BrK2oJnjFof2oKKQXD1dRBdbikX5VhmT407wD928K_o-LUvg_Wm2lKuJgKdJSr4x7rQX6rEQnaxnMSNUcdKWvrbIsA6c_0yTQa34nJo4eH48pmS239Bd3x7lLA4_o4rYbBwklJVQNloh3a7rhuB61YTI9C4AjcFCM_xpk-AIZ8jn3zr5ql9Y9I7HB6cacGJ2ogp1MQbY_Z44RaMGKqgRUCRUrD1Z7OO8UAQtA4sWzhBpjuitrkjpCVJCkRv1xmpL9856lwGp5eyZ4_dr2wd7B4X0L8tQcHADE2gTrOZKN8f-fhKeLmJGjzWrtFwXEEh2v6HsS3PnNciKECJmZHnR-qcdE0bsRs8WyRg5xpaZlOGgt2uF4stfZxtIvCWvPwFrdDs4bu9_sTfuHvT0PO_IP4Vq6gwlvOucNXgvx7GDhV9hQEmSB8BoPLHvR0OSKBEzyYmXNi03DXgv55GFrwRUAlHKnuijd76b9Jz3nxmn2t3T38daZPCfXsqW30DhLCyMYq7DhzZ88ynt68gQYcDOi0p5Zf-iHwcHB6n90_RKU683CHmoLZxCfihoHrjzDVbMQKmCWcA_qcvx5O0FhB5POwmuKlOfgpOFimRbEGviFZM3Sqap5uql5FG69NuBnTAN-bQFat5HEHpu8TUgGuJyIxWc18Wpk=&xkcb=SoD86_M3sPksg0TBMJ0HbzkdCdPP&camk=ethIe0s0hedYfuN9-pU8QA==&p=12&fvj=0&vjs=3
66,Software Development Engineer Intern,"Noida, Uttar Pradesh",180000,Grid OS(Powered by Grid),https://in.indeed.com/rc/clk?jk=c75fc30212abaeb6&bb=13wMyrxcoWO5pJnhVcGmF0eUtio3xSVHCcto7UpYRLavJZfm__iSRh23_NZPm8Qp5DGg7nGOeWrki3DbV8HBxkp_D5bzUQ07EQBU8VoKm0tqQcUURYtjt10tlpq3awutkVvBExc9YpKSA-Gk564MZA%3D%3D&xkcb=SoC867M3sPksg0TBMJ0GbzkdCdPP&fccid=fe501e1464d60223&cmp=Grid-OS%28Powered-by-Grid%29&ti=Software+Development+Intern&vjs=3
67,"Senior Software Engineer - Cloud, Global Converse, ITC",Karnataka,N/A,NIKE,https://in.indeed.com/pagead/clk?mo=r&ad=-6NYlbfkN0CLAFIAocNJ4Wfrhm82ciahvtobYpoaf72Vrs-CtZeLT-trEu8EEwIc6NSOQ8Op6QK8VHNHuUEMye20nmtfq6mx6XJ9e7pUzyWTWYhGAfU8hWR439_8_NWbBFL97vyAucyZcVgv3wZ8wfhxCTViI7LYEqNR1JlS-PxRKC3Oav5Ua_IHLYRbwxS7JyWbB651ru-pufJldUhyKySMwfF6cxsKRxnsaYBRz3AIPkBryzZv4ofVqYpPfaB-PLEn7Ctdn8N4epc22bFfT4DTFTGzBSfeT2vYJ52d36NmQiMEvuTqytaT3jwrBgGJ6qJp49P4vMbH6OElgBu3VI2Pavk5HOTBJP9wyTpQJXlgxQwozY_XKORydeUv_e9IHsUGwPgsdwol-PAsU18R-I7CHcZ-HcnbcCghtpfR5YniQCs-1z5ZpEWfnPwwMvSj1fb4n0obDMjjeyRbm3ws6aVp1Bdwj79FiCU8n6M0K5ZjohTcLou8in2nTCnM4LOA-9WprRPK2iq6giwfnLEI1cleNgu6nNFOzBFWeJScJRkDBHBw9kAPowjgj7MFBEVm9eCtJ9ZWMVFpBF0y3mkgGaAZ400QJgz2e1hZROB8r98SqLRGQ_uROK7OPl1cWrrKqEFcVjHNZZhf9HpFHdzFn4OGPkEg6cttBVfogWEX45dwqEk_-nk4gw==&xkcb=SoAV6_M3sPksg0TBMJ0IbzkdCdPP&camk=UoKtGZLa3XIgFQ6tX0JIkQ==&p=3&fvj=0&vjs=3
68,"Principal Software Engineer, ITC",Karnataka,N/A,NIKE,https://in.indeed.com/pagead/clk?mo=r&ad=-6NYlbfkN0CLAFIAocNJ4Wfrhm82ciahvtobYpoaf72Vrs-CtZeLT-trEu8EEwIc6NSOQ8Op6QJ2OQT5XSl7kCdPFMV7ZgGVsPkfpu_rvoUQ7K_HbHrR42PvG8L9VYfw7H1HDoslehrLaKlzcHaSLe3ezDsIc920xo-RMynNSPhhFQg0C1uS87vLIDwImF72O_M1ZZ7SNLv4nUWJIZmXdio3FE8gvQ4QEvxIBPfSgHt6eGwW8ph7L4OsmdSe4YdWX6pW_42uR77B1k2uqJspA_8GKoAfEDD2V-c2Wr3jgFhA3rYuzGIl64IYeOBnwXAs5bTMOLsmCd0wMiEd7LqPA5hgRu30wonkfx0RaF4O_XGvTYhnrdCoc2XWihAgKWjTvmOFgnOxzdxN7AQjUgpusnFzZ5t7B2TeCeCFOM_DVkRGQiaZJc4xu-BbADtITclEGIGLBahd7ZPRNcFL7AdMriA5u6RRycUe00bX3sMaBgJTcMzaIgmZAh0LyevxzTKSMypqWPp95Kflt-OPPwOtQ0o30qXvpKNoA5Sa7Y67BCEw-2IESeTXyGWhfTWLI3zn1ATfLhaZxCmJZlNrXyuCpKFV7fhwnN6Ds9jl3ezprBSfyZXFU8tPeBiYY1WpxmXdnM7SGEcttgKiPAHW2SHsVnR4Hc3DtThgkdOcCZevu1OSPlCcoD1MQQ==&xkcb=SoDV6_M3sPksg0TBMJ0FbzkdCdPP&camk=UoKtGZLa3XIgFQ6tX0JIkQ==&p=14&fvj=0&vjs=3
69,"Lead Software Engineering - Cloud Governance , ITC",Karnataka,N/A,NIKE,https://in.indeed.com/pagead/clk?mo=r&ad=-6NYlbfkN0CLAFIAocNJ4Wfrhm82ciahvtobYpoaf72Vrs-CtZeLT-trEu8EEwIc6NSOQ8Op6QIPL2FUg15tfEfCGh_psWwPBaH8zJRw8TcIhdxfham8iTalf8zQ3D64wvAvTz0xEi8oqzLWWHpHR3bPLqR626bq6W3esbjQyGFjZ7F0IlXRq650KbkNU1Bry021B7fN3yi5GiV2fWDA3bSg8E-J7VmVi9KsAxc1LXH1UKzesXdk4zpbLHlkL-2f6G5JeiL2RmpSoDT_gRo1AZSnl3Tw_SShTeRN0dhpfLjRlMW7s7bw594iubV69QqhZfyU1CSqWBASE6wFGmcBWRWerlUFON2c2sNvWFb0MlVqO9Pz7Fhhxa1LcNp10xLQNtCRNg0gRyrlmSMoEGZX0a4ZpCRlEtKKP7OKkAJe_cX_Ginm-_u6ytsH9SlMmP7K5wU2y6XCV0QLjlE9oUc8K2X7NtNh9NZJkdvrJDo7OTkQl3FxigyD5ZNSm93Xepug0eGBw9lDXhQ1E3H4qOa4I5jt2SydSw3VK2FLJoJLhuBHnmIuZ7cHS3N7J_zbjUxfY1sFwUvjJx5IxAD08NTWZN6VghlHidhdLUV7cmLA03ELm2XEk39tOsUEryUv-t4Wpb7hR2DJcbYKzf0EeRPOQlMXJ2J6VBwc1ynHaa03I_A7qdFJXIJ1aw==&xkcb=SoBy6_M3sPksg0TBMJ0AbzkdCdPP&camk=UoKtGZLa3XIgFQ6tX0JIkQ==&p=11&fvj=0&vjs=3
70,Flutter Developer,"Gota, Ahmedabad, Gujarat",288060.0,Devine Globe Technology,https://in.indeed.com/pagead/clk?mo=r&ad=-6NYlbfkN0CUPzQN3EvKY4viqlQ3xLK3y3DivaFTR6hTqSqQyYBTJytOeDzJuOC_FmMDsPUpI71xjRi2643qB0WeeczIi5-eWdFBSpJ2TBQTtiZCGwK7E0lg-4oyylPqrLjvYYwfkwoUemVKCNaejEUVrcrdA41W-6s6XgbbZURU9IWS--OXjg-U4ShefbwL7awYuIB8nhgQIquS3alkLXo9sFUXk6j091vntSj4iT0mfvOgcgrD5YX_EBR3UWRj1mlrOMsS6ho0KAr7cy5KBh7eX3upRjY3mQ2P4xAQ7DT6ue436Hbbi7nVZ_K48PfdAqvifVNYYdUuVejRYoMTdaAiKVVjGFSklWtaRvAjnxMMtpue04auW2CsEaoRJbMKUgpozfnuxp4dXgKL1Stqi7Iof2yHVENd3865pUJBDZHSjZvhSgz6FSspYvKPaCa4CWPRNLSoyQf_54uo6UEfJakQq-AR7ii_tJLyrAUPDlJvQ-glAjG4yWQN4VZCY1btDZiwoeI11MuZ5b4BiqJE69H4tUaM3kNKrV9c79nCDLa1gxytw8WLDqT6VfR-Kj9qbccdcqes9tTxByBHFYivb-dqu81sY3lxfjbidQCI25mxAO8UKVJtL4Zd6kUsZ5kuN-ms5yV8aBVYGbMaX6eNdQ==&xkcb=SoCI6_M3sPksg0TBMJ0LbzkdCdPP&camk=UoKtGZLa3XKsk4glGOsgeg==&p=0&fvj=0&vjs=3
71,Software Developer - Junior,"Bengaluru, Karnataka",N/A,Halliburton,https://in.indeed.com/rc/clk?jk=276ef4103af8dd65&bb=13wMyrxcoWO5pJnhVcGmFyQCzT6CtUdVMSmkH_DnJEA58bxUUtUkMSbWH0fRnqIWbSiAGRf3YpJLDhR9BD4UZtQpA6iAHr16SDhIaJKZmiadk3a6GEtVaYYgMco2YnlaNEfnM133CLC5FDryEy755w%3D%3D&xkcb=SoAy67M3sPksg0TBMJ0BbzkdCdPP&fccid=0e4554ac6dcff427&vjs=3
72,Sr. Full Stack Developer,Remote,2250000.0,Sticky Cards,https://in.indeed.com/rc/clk?jk=15653a0d7a617794&bb=13wMyrxcoWO5pJnhVcGmF5s2EPNqKfX27uQQ8Sxo0Uj3Xz9jNr75KBfnVe558Uxksv6gILi68t8ls3S8LXiuoWqZm8x32LwDgXj1BTM0rSeJplhM5hYPk3Xi9Mp4B4T8azUcEB6VIq95E7a_oQ8nRg%3D%3D&xkcb=SoBv67M3sPksg0TBMJ0PbzkdCdPP&fccid=631fff1591591dde&cmp=Sticky-Cards&ti=Full+Stack+Developer&vjs=3
73,"Software Engineer II, ITC",Karnataka,N/A,NIKE,https://in.indeed.com/pagead/clk?mo=r&ad=-6NYlbfkN0CLAFIAocNJ4Wfrhm82ciahvtobYpoaf72Vrs-CtZeLT-trEu8EEwIc6NSOQ8Op6QKGVk7XU11F8HCthj4zwXf24_wJBxTklDnUYGrz-0UVxYcxX0b0cZBMJD18pTdSa9eZtSqeg7Pt2nRnvwMF9ec6zsBWoIFKcmZv8bHb6NwAmSArsd2D7DTEZO16SkPa6e3ToUFVdljPdBmc1kORZWs7Zu_nqs4TVpio0biNmZygv8Rb08c65M-FZqi8siKUyMZ9gCUxnmSBL6R6Cc1Chdy6ZO-bSnpRs3C2aAmHeQEb_GNqSDPEx8IuE9EB76Jn9yhSbkBYT3G30nEEt0mLpnqXvgCg52TPz7q0dr2yGWQnfCCmE-oX6p7_oH0_l2igpY4lOWvxtycYrf9fTDLGCcbh1rDsTvkcYvDQQIRLo_76aw0kUZYoEW4a04xB1_s4c1PyP9AQQyP2DEsThOifvBWrcYzKdGpOeCTdZxX2vJ3W6aZm8fxMY3SjDAdeskT6R--yceIg0aZ9-OGI9Vaf1c3pbNOvSKr5WLEpnFQRKPSWJpNoMbG2m1w9F-Y81gv5QTKRWl9TfC_tL04_GDpI8LS4GYMmb4XQiDV-Kx1_g4f-hfJrBxlTxwZa2XgRoA6DZhqJ8w5Wtxnzbel67pf1wfifGkrxeHmd6AM=&xkcb=SoCh6_M3sPksg0TBMJ0JbzkdCdPP&camk=UoKtGZLa3XIgFQ6tX0JIkQ==&p=2&fvj=0&vjs=3
74,Frontend Software Developer,Remote,500000.0,Proziod Analytics,https://in.indeed.com/rc/clk?jk=73ac3f8f565db93c&bb=13wMyrxcoWO5pJnhVcGmF5Eu3OhvIWrcqyS-SsotIDqUr3fjmWoMKfu9RlNetAXwCa3VNOvZWg79XoJAEuwx_tcZh-aUNURO_tRWXOaEh3fhLLEi3L9hyss9yvY0qdBP7F1GbN36D9HOAE4493ak7w%3D%3D&xkcb=SoBG67M3sPksg0TBMJ0NbzkdCdPP&fccid=88e7caed7c994e2a&vjs=3
